"text","cmp_code","eu_code"
"Politici hebben gefaald,","305",NA
"u bent nu aan het woord.","202",NA
"De verkiezingen van 9 juni 2010 zijn de belangrijkste verkiezingen sinds tijden.","202",NA
"U bepaalt nu bij wie u de sturing van de samenleving in handen legt.","202",NA
"Vertrouwt u de rechtse partijen?","202",NA
"Gelooft u dat de vrije markt alle problemen zal oplossen?","202",NA
"Dat de politiek wel banken kan redden, maar geen verantwoordelijkheid kan nemen voor de samenleving?","202",NA
"In plaats van het oude geluid van sociale afbraak plaatsen wij een nieuw perspectief van sociale wederopbouw.","202",NA
"Van menselijke waardigheid, gelijkwaardigheid en solidariteit.","202",NA
"U mag het zeggen.","202",NA
"U moet beslissen.","202",NA
"Mensen die we ons vertrouwen gaven, namen onverantwoorde risico’s.","305",NA
"Door het graai- en grijpgedrag van bankiers, speculanten, managers en aandeelhouders, en het wegkijken van hen die toezicht moesten houden.","403",NA
"Overal zijn regeringen gedwongen duur belastinggeld in bijna bodemloze bankputten te storten.","403",NA
"Zij die zichzelf belachelijke salarissen, bonussen en winsten toekenden, hebben van de economie een casino gemaakt.","403",NA
"Nooit eerder zagen we een zo pijnlijke ontmaskering van de politieke en economische elite.","403",NA
"Zij staan voor schut, maar de mensen staan voor het blok.","701",NA
"Miljoenen mensen, overal in de wereld, verliezen hun werk en bestaanszekerheid.","701",NA
"De winsthonger van enkelen leidt tot echte honger voor velen.","701",NA
"Wie ons beginselprogramma Heel de mens uit 1999 leest, ziet dat wij toen waarschuwden voor wat nu is gebeurd.","305",NA
"De meeste politieke partijen in Nederland leverden hun opvattingen en idealen in voor de een of andere vorm van neoliberaal denken.","305",NA
"Politici van rechts tot links lieten zich leiden door de luie gedachte dat de vrije markt alles beter kan.","305",NA
"En weigerden nog langer verantwoordelijkheid te nemen voor de samenleving.","305",NA
"Het is niet fijn om achteraf gelijk te krijgen.","305",NA
"Nu zegt elke partij dat het nooit zo ver had mogen komen.","305",NA
"Nu zegt iedereen dat het nooit meer zo uit de hand mag lopen.","305",NA
"Het is niet voldoende dat politici spijt betuigen.","305",NA
"Politici moeten de wereld niet anders interpreteren, zij moeten de wereld veranderen.","305",NA
"Het vierde kabinet-Balkenende was de regering van de gemiste kansen.","305",NA
"In 2006 kozen veel kiezers voor een progressieve en sociale koers.","202",NA
"Daarmee hadden we de bakens kunnen verzetten.","305",NA
"Maar terwijl de SP de verkiezingen won, vormden de verliezers CDA en PvdA het nieuwe kabinet.","305",NA
"Balkenende wilde niet met de SP, Bos durfde het niet.","305",NA
"Zo kreeg Nederland een regering die niemand wilde.","305",NA
"CDA, PvdA en Christen-Unie regeerden met de rug naar de kiezers.","305",NA
"Zij hebben drie jaar lang gesteggeld en belangrijke beslissingen uitgesteld.","305",NA
"Dit land heeft nu een stabiele en sociale regering nodig.","305",NA
"De SP is klaar voor een regering die wel keuzes maakt:","305",NA
"Alleen dan kunnen we de veroorzakers de crisis laten betalen.","503",NA
"Alleen dan kan het vertrouwen van mensen worden herwonnen.","305",NA
"Alleen dan kunnen we sociale voorzieningen in stand houden.","504",NA
"Alleen dan kan het vertrouwen in elkaar worden hersteld.","504",NA
"Alleen dan kunnen we de toekomst met vertrouwen tegemoet zien.","411",NA
"Lokaal hebben we laten zien dat we goed kunnen besturen.","305",NA
"Nu vragen we u om ons die kans te geven voor het hele land.","305",NA
"De SP is nodig voor een regering die weet dat de politiek er is voor u – en niet omgekeerd.","202",NA
"Een regering die het lef heeft om de oorzaken van de crisis aan te pakken.","305",NA
"En te beginnen aan de opbouw van een menselijker, socialer en duurzamer Nederland.","305",NA
"Hoe, dat vertellen we u in dit verkiezingsprogramma.","305",NA
"Natuurlijk zijn we benieuwd naar uw commentaar.","202",NA
"En we vertrouwen op uw wijsheid op 9 juni.","202",NA
"Dat wordt de dag van de waarheid.","202",NA
"In dit verkiezingsprogramma geven we de hoofdlijnen van het door ons voorgestelde beleid.","305",NA
"De onderbouwing ervan is te vinden in een groot aantal rapporten die we de afgelopen tijd hebben gemaakt.","0",NA
"De financiële onderbouwing is in een apart document vastgelegd.","0",NA
"Alle rapporten kunt u raadplegen op onze website: www.sp.nl. Daar vindt u ook een overzicht van al onze standpunten.","0",NA
"Mensen die part noch deel hebben aan de economische crisis, dreigen nu de rekening te moeten betalen.","503",NA
"Waar politici in een handomdraai miljarden uitgaven aan de banken, willen ze nu miljarden bezuinigen op de samenleving.","503",NA
"Het lijdt geen twijfel: de crisis kwam van rechts.","503",NA
"Partijen die alle ruimte boden aan bankiers en bestuurders, aandeelhouders en speculanten, dragen een zware verantwoordelijkheid.","503",NA
"Zij kozen voor private rijkdom en publieke armoede.","503",NA
"Zij zijn uitgeregeerd, het roer moet om.","503",NA
"We zullen de komende jaren de puinhopen van rechts moeten opruimen.","503",NA
"Zij die de crisis hebben veroorzaakt en het meest hebben geprofiteerd, laten we nu het eerst en het meest betalen.","503",NA
"We moeten een volgende crisis zien te voorkomen.","403",NA
"Demacht van banken, grote bedrijven en aandeelhouders leggen we aan banden en de macht van speculanten breken we.","403",NA
"En de invloed van burgers maken we een stuk groter.","202",NA
"Maar regeren is meer dan de pijn eerlijk verdelen.","503",NA
"De komende vier jaar willen we met minder geld toch een menselijker en socialer Nederland in de steigers zetten.","503",NA
"Door te stoppen met de uitverkoop van publieke diensten en een einde te maken aan het graaien aan de top.","503",NA
"Door mensen aan het werk te krijgen en te houden.","701",NA
"En kleine ondernemers door de crisis te helpen.","402",NA
"Honderdduizenden kleine bedrijven zorgen voor veel vernieuwing en werkgelegenheid.","402",NA
"In ons rapport Hart voor de zaak leggen we uit hoe we deze echte ondernemers meer steun gaan bieden.","402",NA
"Mensen krijgen meer zeggenschap over dat wat van ons allemaal is.","202",NA
"We stoppen met de uitverkoop van publieke diensten en sociale woningbouw en draaien de uitverkoop waar mogelijk terug.","413",NA
"De overheid wordt weer hoofdverantwoordelijke voor de organisatie van goede zorg en goed onderwijs, voldoende openbaar vervoer en duurzame energie.","413",NA
"We stellen paal en perk aan de topinkomens.","412",NA
"Bestuurders in de publieke en semi-publieke sector verdienen niet meer dan de minister-president.","412",NA
"We steunen het streven van vakbonden om alle werknemers onder de bedrijfs-cao’s te brengen, zodat er een koppeling komt tussen de hoogste en laagste inkomens en de tweedeling wordt tegengegaan.","503",NA
"De algemeenverbindendverklaring van cao’s blijft bestaan.","504",NA
"De AOW blijft een volksverzekering, de AOW-leeftijd blijft 65 jaar en vervroegd uittreden blijft mogelijk.","504",NA
"Mensen krijgen wel het recht om na hun 65e door te werken, met dezelfde rechten en plichten als andere werknemers.","706",NA
"We moeten mensen tot 65 jaar aan het werk helpen en aan het werk houden.","706",NA
"Er wordt niet gemorreld aan de ontslagbescherming.","504",NA
"Wij zijn tegen de verkorting van de duur van de WW.","504",NA
"De sollicitatieplicht wordt afhankelijk van de individuele omstandigheden en de perspectieven op werk ingevuld.","503",NA
"We maken een nieuwe nationale investeringsbank.","402",NA
"Die gaat kredieten verstrekken aan gezonde en goed geleide bedrijven, die nu van gewone banken geen krediet kunnen krijgen.","402",NA
"Met een bankenheffing gaan banken bijdragen aan het oplossen van de schade die ze eerder hebben aangericht.","403",NA
"Dat doen we het liefst internationaal.","107",NA
"Maar als het moet, doen we het zelf, net als België en de Verenigde Staten.","403",NA
"Banken die staatssteun ontvangen, mogen geen bonussen betalen.","403",NA
"Bij de overheid en bij overheidsbedrijven stoppen we eveneens met het geven van bonussen.","403",NA
"Bij andere bedrijven worden bonussen de komende vier jaar beperkt en daarna afgeschaft.","403",NA
"Het verstrekken van onverantwoord hoge hypotheken verbieden we.","403",NA
"Zo voorkomen we wantoestanden.","403",NA
"Provisies worden gemaximeerd en op termijn vervangen door een uurtarief of abonnementensysteem.","403",NA
"Voor bepaalde categorieën producten - zoals schadeverzekeringen - kan een uitzondering worden gemaakt.","403",NA
"De hypotheekrenteaftrek wordt gegarandeerd, en in de komende tien jaar gemaximeerd, tot 350. 000 euro hypotheekschuld.","408",NA
"Tegen een maximale belastingaftrek van 42 procent.","408",NA
"Het aflossen van hypotheekschuld wordt aangemoedigd.","408",NA
"De financiële sector wordt grondig hervormd, om nieuwe ontsporingen te voorkomen.","403",NA
"Met een nieuwe nationaliseringswet geven we de overheid de kans sneller in te grijpen bij falende banken en verzekeraars.","413",NA
"We scheiden spaar- en zakenbanken.","403",NA
"Zo verhinderen we dat banken ooit nog gokken met het spaargeld van hun klanten.","403",NA
"Dit doen we in Europees verband.","108",NA
"In afwachting daarvan moeten Nederlandse banken alvast intern risicovolle en minder risicovolle activiteiten scheiden.","403",NA
"De reserve-eisen voor banken worden scherper.","403",NA
"Nieuwe financiële producten worden voortaan vooraf gecontroleerd door de Autoriteit Financiële Markten.","403",NA
"Die grijpt meteen in als die producten niet deugen, zoals bij woekerpolissen.","403",NA
"Aan flitskapitaal wordt in internationaal verband paal en perk gesteld.","107",NA
"Hedgefondsen die misbruik maken van het vrije kapitaalverkeer, worden aangepakt.","403",NA
"Opkoopfondsen die bedrijven overnemen en als sprinkhanen leegeten, gaan we kortwieken.","403",NA
"Onder andere door beperking van de renteaftrek bij de winstbelasting.","403",NA
"Met minder macht voor aandeelhouders en meer macht voor werknemers brengen we meer stabiliteit in grote ondernemingen.","202",NA
"Werknemers van die bedrijven kunnen vierjaarlijks de helft van de leden van de Raad van Commissarissen kiezen.","202",NA
"De belastingdienst sluit geen deals met multinationals.","605",NA
"Ook die moeten gewoon belasting gaan betalen.","605",NA
"Er komen meer juridische mogelijkheden om wanpresterende bestuurders aan te pakken.","605",NA
"De civiele aansprakelijkheid van bestuurders wordt uitgebreid.","605",NA
"Er komt een aparte strafrechtelijke bepaling voor financieel wanbeleid.","605",NA
"Een mondiale Financiële Autoriteit, waarin het Internationaal Monetair Fonds (IMF) opgaat, moet het financiële stelsel beter beschermen.","403",NA
"Andere landen – buiten de G20 – krijgen daar een stevigere stem in.","107",NA
"Ook de Wereldbank wordt gedemocratiseerd.","202",NA
"De dollar werkt instabiliteit in de hand.","107",NA
"De centrale rol van de dollar wordt overgenomen door een volwaardige internationale reservemunt, gebaseerd op de al bestaande speciale trekkingsrechten (SDR’s) van het Internationaal Monetair Fonds (IMF).","107",NA
"Een systeem van meer vaste wisselkoersen helpt nieuwe chaos te voorkomen.","107",NA
"Een Tobintaks op internationale financiële transacties en dus ook op flitskapitaal zorgt ook voor meer rust (de zogenaamde Robin Hood-belasting).","403",NA
"Met de opbrengst ervan helpen we extreme armoede en klimaatproblemen tegen te gaan.","107",NA
"In een democratie is het laatste woord aan u.","202",NA
"Maar bij belangrijke beslissingen heeft u steeds minder te zeggen gekregen.","202",NA
"CDA, PvdA en ChristenUnie braken keer op keer hun beloften.","202",NA
"Zij onthielden u een referendum over de Europese Grondwet.","202",NA
"Ze wilden de AOW-leeftijd verhogen, in strijd met hun verkiezingsprogramma’s.","202",NA
"Bestuurders veranderden uw woningcorporatie in een beleggingsmaatschappij.","202",NA
"En zij verkochten uw openbaar vervoerbedrijven en uw energiebedrijf, zonder naar uw mening te vragen.","202",NA
"Gemeenten werden samengevoegd, ook als u dat niet wilde.","202",NA
"In de politiek geldt steeds meer de macht van het geld en steeds minder het belang van de burgers.","305",NA
"Bestuurders die tientallen bijbanen nemen zijn hun geld niet waard.","305",NA
"Politieke partijen die zichzelf laten sponsoren zijn gevoelig voor commerciële belangen.","304",NA
"Daar tegenover staat het droevige lot van klokkenluiders, die maatschappelijke misstanden melden, maar niet zelden eindigen zonder werk en zonder geld.","202",NA
"We moeten ervoor zorgen dat niet het geld, maar u het weer voor het zeggen krijgt.","202",NA
"Er gaapt een diepe kloof tussen de papieren werkelijkheid van de ministeries en de werkelijkheid van de mensen die het werk moeten doen.","202",NA
"Doordat de regering de problemen van mensen niet kent, worden verkeerde beslissingen genomen.","202",NA
"De SP hield de afgelopen jaren grootschalige onderzoeken, over de problemen en de oplossingen van de mensen op de werkvloer.","305",NA
"We lieten tienduizenden agenten, gevangenispersoneel, leraren, jeugdhulpverleners, binnenvaartschippers en medewerkers in de geestelijke gezondheidszorg aan het woord.","305",NA
"De komende jaren blijven we onderzoeken doen en gaan we met de oplossingen van mensen aan de slag.","305",NA
"Mensen krijgen meer zeggenschap over dat wat van ons allemaal is.","202",NA
"We stoppen met de uitverkoop van publieke diensten.","413",NA
"De overheid wordt weer hoofdverantwoordelijke voor de organisatie van goede zorg en goed onderwijs, voldoende openbaar vervoer en duurzame energie.","413",NA
"Het staatshoofd zou in de toekomst een ceremoniële functie moeten bekleden.","202",NA
"Leden van het Koninklijk Huis gaan hun eigen privé-kosten betalen en – net als ieder ander – gewoon belasting.","503",NA
"We stellen paal en perk aan topinkomens.","503",NA
"Bestuurders in de publieke en semi-publieke sector verdienen niet meer dan de minister-president.","412",NA
"Volksvertegenwoordigers verliezen overbodige voorrechten, zoals een riante wachtgeldregeling.","304",NA
"Betaalde bijbanen voor burgemeesters en commissarissen van de koningin verbieden we.","304",NA
"De vergoedingen voor alle politici gaan omlaag.","503",NA
"Hiermee beperken we eveneens de zogenaamde Balkenende-norm.","503",NA
"Het grondwettelijke recht van petitie wordt wettelijk uitgewerkt, zodat burgers meer grip krijgen op de volksvertegenwoordiging.","202",NA
"Er komt een instituut voor klokkenluiders, waar iedere burger die misstanden meldt goede begeleiding,en financiële ondersteuning en rechtsbescherming krijgt.","202",NA
"Het toezicht van het parlement op de veiligheidsdiensten wordt verbeterd.","202",NA
"De commissie van toezicht (CTIVD) gaat voortaan ook toezien op de doelmatigheid van de diensten.","202",NA
"Herindeling van gemeenten vindt alleen plaats als de inwoners daarmee instemmen, bijvoorbeeld via een referendum.","202",NA
"We geven mensen de mogelijkheid om via referenda hun mening te geven en hun vertegenwoordigers te corrigeren.","202",NA
"Beslissingen over de buurt worden vaak over de hoofden van de bewoners heen genomen.","202",NA
"Buurtbewoners krijgen meer inspraak over de inrichting van en de voorzieningen in hun buurt.","202",NA
"Als het rijk taken overhevelt naar gemeenten, moet ook voldoende geld worden bijgeleverd om die taken goed te kunnen uitvoeren.","301",NA
"We kunnen toe met minder ministeries, door betere samenwerking en samenhang in beleid.","303",NA
"De bestuurlijke drukte in ons land verminderen we.","303",NA
"We maken de bestuurslaag tussen Rijk en gemeente eenvoudiger en democratischer.","303",NA
"De bestuurlijke functies van de waterschappen brengen we onder bij de provincies.","303",NA
"We onderzoeken hoe we grote provincies kleiner kunnen maken, waardoor bestuursregio’s overbodig worden.","303",NA
"We gaan flink schrappen in de kosten van het bestuur.","303",NA
"Het aantal externe medewerkers van de overheid wordt drastisch verminderd.","303",NA
"De inwoners van de Nederlandse Antillen beslissen zelf over hun staatsrechtelijke toekomst.","202",NA
"Nederland kan hun schulden pas saneren als ze een goed bestuur en voldoende eigen inkomsten hebben.","305",NA
"Internet behoort voor ieder mens toegankelijk te zijn.","201",NA
"Het is een taak van de overheid om dat te bevorderen.","408",NA
"Internetproviders mogen zich niet inlaten met het verkeer van hun internetgebruikers, net zoals post- en telefoniebedrijven zich niet mogen inlaten met de brieven of telefoongesprekken van hun klanten.","201",NA
"In het verleden zijn altijd mensen uit Nederland geëmigreerd, en mensen uit het buitenland hier komen werken.","705",NA
"In de vorige eeuw werden ‘gastarbeiders’ naar hier gehaald, door bedrijven die goedkope arbeidskrachten zochten.","705",NA
"De discussie over de problemen met de integratie van deze migranten is lange tijd taboe verklaard.","305",NA
"Pogingen van de SP om dat debat aan te gaan, botsten jarenlang op verzet van vooral andere linkse partijen.","305",NA
"De discussie over de integratie kwam daardoor in handen van rechtse partijen.","305",NA
"Integratie komt van twee kanten.","607",NA
"Migranten moeten zich openstellen voor de waarden en de cultuur van de samenleving waar ze nu deel van uitmaken.","608",NA
"Voor hen gelden dezelfde rechten en plichten als voor iedereen.","608",NA
"En de samenleving moet een goede integratie mogelijk maken.","607",NA
"Door niemand achter te stellen","503",NA
"en hard op te treden tegen discriminatie.","503",NA
"En door goede voorwaarden te scheppen voor scholing, wonen en werk.","408",NA
"Waar we ook zijn geboren, we staan er samen voor om ons land weer op te bouwen.","606",NA
"Vrijheid van religie is geen vrijbrief om mensen uit te sluiten.","608",NA
"Vrijheid van meningsuiting is geen rechtvaardiging om mensen te beledigen.","608",NA
"Samenleven is geen kwestie van dezelfde religie hebben of dezelfde cultuur.","607",NA
"Samenleven is dezelfde taal spreken, samen wonen, samen naar school gaan en samen werken.","606",NA
"Politici hebben te lang weggekeken en buurten aan hun lot overgelaten.","305",NA
"In het rapport Gedeelde toekomst. Voorstellen voor participatie, emancipatie en integratie doen we een groot aantal voorstellen om de segregatie in onze samenleving te bestrijden, de integratie te bevorderen en discriminatie tegen te gaan.","0",NA
"We werpen een dam op tegen segregatie en gettovorming","606",NA
"en werken aan gemengde beurten en gemengde scholen.","606",NA
"We geven iedereen een eerlijke kans om er bij te horen.","606",NA
"Scholen gaan met gemeenten zorgen voor gemengd onderwijs en maken daarvoor een schoolplan.","506",NA
"Met betere voorlichting aan ouders over de schoolkeuze, een vast aanmeldmoment voor kinderen en maximering van de ouderbijdragen.","506",NA
"Waar dat kan, werken we met dubbele wachtlijsten, voor leerlingen met en zonder achterstand.","506",NA
"Wijken worden gemengd, jong en oud, allochtoon en autochtoon, rijk en arm.","606",NA
"Door een huisvestingswet krijgen gemeenten meer mogelijkheden om wijken te mengen.","606",NA
"De marktwerking in de inburgering stoppen we","413",NA
"en aan de voorgenomen marktwerking in de volwasseneneducatie beginnen we niet eens.","413",NA
"Inburgering moet maatwerk zijn, dicht bij huis, in de buurt.","301",NA
"De onderwijsinspectie ziet toe op de kwaliteit.","605",NA
"Mensen boven de 55 jaar hoeven niet mee te doen aan de inburgering, maar het wordt hen wel aangeboden.","706",NA
"We pleiten in Europees verband voor herinvoering van werkvergunningen voor Oost-Europese werknemers.","108",NA
"We stellen bedrijven verantwoordelijk voor huisvesting, taallessen en opleiding van arbeidsmigranten.","403",NA
"Wie de cao ontduikt, wordt hard aangepakt.","605",NA
"De arbeidsinspecties in Europa gaan beter samenwerken, om koppelbazen aan te pakken.","108",NA
"Bestrijding van discriminatie op de arbeidsmarkt krijgt grote prioriteit.","503",NA
"De arbeidsinspectie krijgt de mogelijkheid om meldingen van (leeftijds)discriminatie te onderzoeken en overtreders te beboeten.","503",NA
"We accepteren niet dat ambtenaren weigeren mensen van hetzelfde geslacht te huwen.","605",NA
"De werkloosheid onder migranten, vooral onder jongeren, pakken we aan.","705",NA
"Uitval in het vmbo en het beroepsonderwijs worden bestreden door intensievere begeleiding.","506",NA
"Leerlingen die dat nodig hebben krijgen praktijkgerichte lessen.","506",NA
"Wij schaffen het voor huwelijks- en gezinsmigranten verplichte inburgeringsexamen in het buitenland af.","705",NA
"Asielzoekers moeten waar mogelijk worden opgevangen in de eigen regio.","107",NA
"In Nederland hebben zij altijd recht op een humane opvang.","201",NA
"Asielzoekers mogen in geen geval worden opgesloten in detentiecentra als daar geen gegronde reden voor is.","201",NA
"Asielzoekers mogen niet worden gezien als criminelen en dus ook niet als zodanig worden behandeld.","201",NA
"Asielzoekers horen niet thuis in tenten en mogen gewoon werken.","201",NA
"Een gemeenschappelijk Europees asielbeleid mag niet leiden tot een slechtere behandeling van vluchtelingen.","201",NA
"Asielzoekers die niet als vluchteling worden erkend moeten terugkeren.","605",NA
"Uitgeprocedeerde asielzoekers houden recht op opvang zolang zij actief bezig zijn met de voorbereiding van hun terugkeer.","201",NA
"Gemeenten hebben het recht om noodopvang te bieden.","301",NA
"Het Rijk zorgt daarbij voor financiële middelen.","301",NA
"Slachtoffers van mensenhandel krijgen het recht op een permanente verblijfsvergunning en krijgen maximale bescherming, als zij bereid zijn te getuigen tegen degenen die hen hebben verhandeld.","201",NA
"Mensenhandel wordt hard bestreden.","605",NA
"Nederland gaat zich stipt houden aan het Internationale Verdrag voor de Rechten van het Kind.","201",NA
"Vreemdelingenbewaring mag alleen als zicht is op een snelle uitzetting – en nooit bij kinderen.","201",NA
"Kinderen bouwen zélf verblijfsrechten op.","201",NA
"In tijden van economische onzekerheid hebben mensen behoefte aan sociale zekerheid.","504",NA
"Als mensen hun werk en inkomen verliezen, moet de overheid banen beschermen en inkomens op peil houden.","504",NA
"We moeten kleine ondernemers en zelfstandigen zonder personeel door de crisis helpen","704",NA
"en jongeren en migranten aan het werk houden.","705",NA
"We willen voorkomen dat kinderen opgroeien in armoede.","503",NA
"We helpen mensen uit de schulden en voorkomen dat mensen die werken toch niet rond kunnen komen.","503",NA
"We mogen de prijs van de crisis niet afschuiven op de mensen die ons land hebben opgebouwd.","503",NA
"Het domweg verhogen van de AOW-leeftijd is onzinnig en overbodig.","504",NA
"Laten we mensen onder de 65 jaar eerst een baan geven en aan het werk houden.","503",NA
"We starten een offensief tegen de nieuwe armoede.","503",NA
"Door de crisis dreigt het aantal armen in Nederland te verdubbelen.","503",NA
"Dat mogen we niet laten gebeuren.","503",NA
"Juist nu is solidariteit hard nodig.","503",NA
"In de discussie over de verhoging van de AOW-leeftijd worden veel sprookjes verteld.","305",NA
"Politici creëren angstbeelden, om zo de geesten rijp te maken voor verslechtering van onze pensioenvoorziening.","305",NA
"In Verhoging AOW-leeftijd, ongewenst, onnodig en onzinnig laten we zien dat de AOW in de toekomst wel betaalbaar is.","305",NA
"En dat veel mensen na hun 65e helemaal niet langer kunnen doorwerken.","706",NA
"Bovendien blijkt dat verhoging van de AOW-leeftijd helemaal geen oplossing is voor de crisis.","305",NA
"Wat wel helpt, is zorgen dat ouderen die kunnen en willen werken aan het werk komen.","706",NA
"Het minimumloon en het sociale minimum worden de komende jaren met in totaal 5 procent verhoogd.","504",NA
"De minimumjeugdlonen vanaf 18 jaar worden verhoogd en op termijn gelijkgetrokken met de volwassen minimumlonen.","504",NA
"De AOW-leeftijd blijft 65 jaar en vervroegd uittreden blijft mogelijk.","504",NA
"Mensen krijgen wel het recht om na hun 65e door te werken, met dezelfde rechten en plichten als andere werknemers.","706",NA
"We moeten mensen tot 65 jaar aan het werk helpen en aan het werk houden.","701",NA
"We stellen paal en perk aan de topinkomens.","503",NA
"Bestuurders in de publieke en semi-publieke sector verdienen niet meer dan de minister-president.","503",NA
"We steunen het streven van vakbonden om alle werknemers onder de bedrijfs-cao’s te brengen, zodat er een koppeling komt tussen de hoogste en laagste inkomens en de tweedeling wordt tegengegaan.","503",NA
"De algemeenverbindendverklaring van cao’s blijft bestaan.","503",NA
"Er wordt niet gemorreld aan de ontslagbescherming.","504",NA
"De sollicitatieplicht wordt afhankelijk van de individuele omstandigheden en de perspectieven op werk.","503",NA
"We zijn tegen de verkorting van de duur van de WW.","504",NA
"Mensen met een tijdelijk contract en uitzendkrachten bieden we meer zekerheid.","504",NA
"Zij krijgen eerder recht op een vast contract.","504",NA
"Om misstanden te bestrijden komt er een vergunningsplicht voor uitzendondernemingen.","403",NA
"Ook mensen met een tijdelijk contract krijgen recht op een ontslagvergoeding.","504",NA
"We onderzoeken hoe we zelfstandigen zonder personeel (zzp’ers) die werk verrichten dat in hun sector voornamelijk in loondienst wordt gedaan onder de sociale zekerheid kunnen brengen.","504",NA
"Bijvoorbeeld door de opdrachtgever die onder een cao valt de pensioen- en arbeidsongeschiktheidspremie te laten betalen.","504",NA
"We accepteren geen loondiscriminatie tussen mannen en vrouwen.","503",NA
"Om vrouwen gelijke kansen te geven om te werken worden beloningsverschillen aangepakt en komen er meer mogelijkheden om arbeid en zorg te combineren, zowel voor moeders als voor vaders.","503",NA
"Jongeren onder de 27 jaar krijgen weer recht op bijstand.","504",NA
"We reguleren de postmarkt.","403",NA
"We stellen eisen aan het loon en de arbeidsomstandigheden van postbodes.","701",NA
"Gemeenten krijgen meer mogelijkheden om leerwerkbedrijven op te richten, om mensen die (nog) geen werk kunnen vinden scholing en praktijkervaring te bieden, tegen een eerlijk loon.","411",NA
"Sociale werkplaatsen blijven als voorziening behouden voor de doelgroep.","411",NA
"Arbeidsomstandigheden, de veiligheid en de begeleiding worden verbeterd.","701",NA
"De sociale werkvoorziening biedt zinvol werk voor een eerlijk loon.","701",NA
"Deeltijdarbeid moet lonen.","701",NA
"Ook voor mensen met een bijstandsuitkering die niet in staat zijn voltijds arbeid te verrichten zoals alleenstaande ouders en mensen met een arbeidshandicap.","705",NA
"Daarom verruimen we de vrijlatingsregeling in de Wet Werk en Bijstand.","504",NA
"Grootschalige commerciële reïntegratiebedrijven zijn een geldverslindende flop.","413",NA
"We draaien de   marktwerking in de reïntegratie terug, zodat niet winst maken maar werk bieden centraal komt te staan.","413",NA
"We schaffen het UWV af en brengen de taken onder bij de gemeente.","301",NA
"Voedselbanken moeten overbodig worden.","503",NA
"Het is beschamend dat de overheid mensen niet voldoende kan helpen.","503",NA
"Gemeenten krijgen meer mogelijkheden om armoede te bestrijden, schulden te saneren en te voorkomen dat kinderen opgroeien in armoede.","301",NA
"Het geld dat bestemd is voor gemeentelijke armoedebestrijding en schuldhulpverlening moet daar ook daadwerkelijk voor worden gebruikt.","503",NA
"Er komt een wettelijk maximum voor het tarief dat incassobedrijven in rekening brengen voor openstaande rekeningen.","403",NA
"Geldleenreclames worden verboden.","403",NA
"We schaffen de product- en bedrijfsschappen af.","413",NA
"Hun taken worden, voor zover van toepassing, overgenomen door de overheid.","413",NA
"Zelfstandigen die een bedrijfspand huren, krijgen een betere huurbescherming.","504",NA
"De lasten voor het doorbetalen van ziek personeel worden voor kleine bedrijven eerlijker verdeeld.",NA,NA
"Besturen van pensioenfondsen bestaan voortaan voor 1/3 uit werknemers, voor 1/3 uit werkgevers en voor 1/3 uit vertegenwoordigers van gepensioneerden.","202",NA
"Met minder macht voor aandeelhouders en meer macht voor werknemers brengen we meer stabiliteit in grote ondernemingen.","202",NA
"Werknemers van die bedrijven kunnen vierjaarlijks de helft van de leden van de Raad van Commissarissen kiezen.","202",NA
"Nederlandse bedrijven en hun dochterondernemingen die in het buitenland betrokken zijn bij misstanden kunnen aansprakelijk worden gesteld voor de schade die zij hebben aangericht.","605",NA
"Bedrijven die overheidssubsidie willen ontvangen, moeten arbeidsrechten in het buitenland respecteren.","503",NA
"Door geen gebruik te maken van dwangarbeid en vakbonden te respecteren.","503",NA
"We hechten veel waarde aan onze gezondheid en zijn graag bereid daarin te investeren.","504",NA
"Investeren in een huisarts om de hoek en een zorgcentrum in de buurt.","504",NA
"In verzorgingshuizen die onze ouderen een fatsoenlijke oude dag bezorgen en een jeugdzorg die onze kinderen een toekomst biedt.","504",NA
"Mensen met een lage opleiding leven gemiddeld 6 tot 7 jaar korter dan mensen met een hoge opleiding.","503",NA
"Wij willen geen tweedeling, met goede zorg voor wie het kan betalen en slechte zorg voor de rest.","503",NA
"Toch is dat nu aan het gebeuren.","503",NA
"Door de invoering van meer marktwerking, worden ziekenhuizen straks niet meer afgerekend op de zorg die ze leveren aan patiënten, maar op de winst die ze uitkeren aan aandeelhouders.","413",NA
"Door de aanbestedingen is de thuiszorg in grote problemen geraakt.","413",NA
"Wij snijden fors in de bureaucratie","303",NA
"en maken een einde aan de schaalvergroting in de zorg.","301",NA
"De verplichte aanbesteding van de thuiszorg en de marktwerking in de ambulancezorg hebben we na veel acties gestopt.","413",NA
"Nu de rest nog.","413",NA
"Ook de marktwerking in de geestelijke gezondheidszorg moet stoppen.","413",NA
"Dat zeggen 5. 000 medewerkers, in het onderzoek dat we deden in De GGZ ontwricht.","305",NA
"De marktwerking leidt tot nodeloze concurrentie tussen zorgaanbieders en zorgverzekeraars en hopeloze bureaucratie voor zorgverleners.","413",NA
"Marktwerking botst met de bezieling van medewerkers en is funest voor hun motivatie.","413",NA
"Zorgverleners willen af van de managerscultuur, waarin zij worden afgerekend op cijfers.","704",NA
"Ze willen meer ruimte voor de eigen professionaliteit, om mensen in geestelijke nood te helpen.","704",NA
"We investeren extra in de zorg","504",NA
"en de marktwerking in de zorg wordt gestopt en op termijn teruggedraaid.","413",NA
"Winstuitkeringen aan kapitaalverschaffers leiden namelijk tot verkeerde prikkels in de zorg en dat wijzen we af.","413",NA
"De premies voor de zorgverzekering worden inkomensafhankelijk.","503",NA
"Het bureaucratische systeem van diagnosebehandelingcombinaties (DBC’s) verdwijnt","303",NA
"en de vrije prijsvorming wordt vervangen door financiering op basis van het aantal patiënten en de intensiteit van de benodigde zorg.","503",NA
"Het werken in loondienst wordt bevorderd.","503",NA
"Nieuwe zorgaanbieders moeten vooraf aan kwaliteitseisen voldoen.","403",NA
"Van schaalvergroting gaan we naar schaalverkleining in de zorg.","301",NA
"We kiezen voor zoveel mogelijk zorg in de buurt, met wijkgezondheidscentra, poliklinieken en consultatiebureaus.","301",NA
"Ook thuiszorg bieden we zoveel mogelijk aan op buurtniveau, net als verpleging, verzorging en dagbesteding.","301",NA
"Voor kleinschalig werkende ziekenhuizen en thuiszorgorganisaties wordt een fusiestop ingevoerd.","301",NA
"Volwaardige ziekenhuiszorg moet behouden blijven in de regio.","504",NA
"De numerus fixus (of ‘loting’) in de opleiding tot arts en tandarts wordt afgeschaft.","506",NA
"Voorkruipzorg gaan we tegen.","503",NA
"Voorrang krijgen in de zorg op andere dan medische gronden is niet toegestaan.","503",NA
"De nominale premie voor de zorgverzekering wordt fors verlaagd.","504",NA
"We voeren een inkomensafhankelijke ziektekostenpremie in.","503",NA
"Inkomens tot omstreeks het sociale minimum worden hierbij vrijgesteld.","503",NA
"De zorgtoeslag wordt dan overbodig.","303",NA
"Het eigen risico wordt afgeschaft.","504",NA
"We verbeteren de AWBZ in plaats van hem uit te kleden.","303",NA
"We gaan de zorgzwaartepakketten omvormen tot betere betaalvormen, op basis van zorgvraag, personeelsbezetting en omgevingseisen.","303",NA
"In de verpleegzorg krijgen ouderen recht op zelfstandige woonruimte en privacy, met op hen afgestemde zorg en voorzieningen.","201",NA
"Palliatieve zorg in verpleeghuizen, van hospices en de thuiszorg, wordt uitgebreid.","504",NA
"We pakken de bureaucratie in de zorg aan.","303",NA
"Indicaties worden niet meer gedaan door logge bureaucratische organen (zoals het CIZ), maar door verpleegkundigen in de wijk.","201",NA
"Er komen minder managers in de zorg en meer handen aan het bed.","504",NA
"In de geestelijke gezondheidszorg wordt de marktwerking teruggedraaid","413",NA
"en de bureaucratische DBCfinanciering afgeschaft.","303",NA
"De geestelijke gezondheidszorg richt zich, behalve op genezing, vooral op preventie en sociaal herstel van mensen met psychische aandoeningen.","504",NA
"Om te voorkomen dat mensen zonder zorg op straat verkommeren of een gevaar zijn voor zichzelf of voor anderen, moet een tijdelijke gedwongen opname en behandeling mogelijk zijn.","504",NA
"Gemeenten moeten daadwerkelijk voldoende financiële ruimte hebben om de Wet maatschappelijke ondersteuning (Wmo) uit te voeren.","301",NA
"Dit geld moet ook worden besteed aan waar het voor is bedoeld.","605",NA
"De zorgverzekeraars gaan regionaal werken.","301",NA
"Eén zorgverzekeraar wordt regionaal hoofdverantwoordelijk voor voldoende zorg.","301",NA
"De bevoegdheden van de Inspectie voor de Gezondheidszorg worden uitgebreid.","605",NA
"Meer investeringen worden gedaan in preventie en bestrijding van sociaal economische gezondheidsverschillen.","504",NA
"De publieke gezondheidszorg wordt expliciet een overheidstaak.","413",NA
"Door het bevorderen van gezond gedrag, verandering van omgevingsfactoren en een actievere rol van de zorg, bijvoorbeeld door preventie door huisartsen en wijkverpleegkundigen in achterstandswijken.","413",NA
"Verkleining van de gezondheidsverschillen leggen we wettelijk vast als doel van beleid.","503",NA
"Hierin past ook het nemen van maatregelen om het alcoholgebruik te matigen.","504",NA
"Er komt een medisch letselschadefonds voor patiënten, waaruit snel een vergoeding voor de geleden schade kan worden betaald.","504",NA
"Op deze manier worden ingewikkelde procedures voorkomen.","303",NA
"De agressieve marketing en beïnvloeding van onderzoek door de farmaceutische industrie pakken we aan, door een betere inspectie en een onafhankelijk onderzoeksfonds.","403",NA
"De inkoop van receptgeneesmiddelen doen we via landelijke centrale inkoop door alle zorgverzekeraars.","413",NA
"Zo kunnen we scherpe prijsafspraken maken.","303",NA
"En zijn voor iedereen receptgeneesmiddelen beschikbaar.","503",NA
"Apothekersbonussen en -kortingen verdwijnen.","503",NA
"We voeren het actieve donorregistratiesysteem in, om het aantal potentiële orgaandonoren te verhogen.","503",NA
"Er komt een klokkenluidersregeling voor zorgpersoneel dat in instellingen geen gehoor krijgt.","503",NA
"Mantelzorgers en vrijwilligers krijgen meer ondersteuning.","701",NA
"Thuiszorg wordt ruimhartiger toegewezen","504",NA
"en de respijtzorg wordt verruimd.","504",NA
"We maken de bouw van mantelzorgwoningen op eigen erf mogelijk en laten mantelzorg zwaar meetellen bij de toewijzing van een woning.","504",NA
"Ook wordt het voor mantelzorgers mogelijk zorgverlof op te nemen.","504",NA
"Iedereen heeft recht op acute medische zorg.","201",NA
"Uitgeprocedeerde asielzoekers en onverzekerde daklozen mogen niet worden uitgesloten van medische hulp, ook niet wanneer ze niet kunnen voldoen aan de identificatieplicht.","201",NA
"Veel mensen hebben gelukkig nog veel voor anderen over.","503",NA
"Toch is onze samenleving harder geworden.","605",NA
"Mensen zijn steeds minder in staat om samen problemen op te lossen.","605",NA
"We doen dan ook steeds vaker een beroep op de politie.","605",NA
"Die moet optreden als anderen falen.","605",NA
"Dan moeten we ook bereid zijn om meer te investeren in onze agenten.","605",NA
"Meer blauw op straat leidt tot meer veiligheid in de buurt.","605",NA
"Meer wijkagenten en wijkposten kunnen misdaad en agressie voorkomen.","605",NA
"Agressie tegen politie, brandweer en hulpverleners is onaanvaardbaar.","605",NA
"Wie zich misdraagt, wordt hard gestraft en moet de schade betalen.","605",NA
"Mensen die hun straf hebben uitgezeten, bieden we een nieuwe kans.","503",NA
"Door het aanpakken van verslaving en het begeleiden naar werk.","503",NA
"De aanpak van witteboordencriminaliteit krijgt meer prioriteit.","605",NA
"Politie en justitie krijgen meer mogelijkheden om mensenhandel, belastingontduiking en internetfraude effectief te bestrijden.","605",NA
"In ons rapport Het gevangenispersoneel aan het woord doet gevangenispersoneel voorstellen om de arbeidsomstandigheden te verbeteren en het land veiliger te maken.","305",NA
"De werkdruk van agenten is te groot, de bureaucratie blijft groeien en de arbeidsvoorwaarden zijn slecht.","704",NA
"Dat blijkt uit ons rapport De agent aan het woord, een onderzoek onder 10.000 politiemensen.","305",NA
"Veel agenten worden nog steeds afgerekend op het aantal bonnen dat ze uitdelen, moeten werken met slechte computer- en communicatiesystemen en kunnen onvoldoende aanwezig zijn in de buurt.","704",NA
"Agenten maken zich zorgen over de samenleving.","704",NA
"Over de toenemende agressie en het aantal jongeren dat ontspoort.","704",NA
"Maar ook over de toenemende eenzaamheid van onze ouderen en de toenemende armoede in de gezinnen.","704",NA
"Die problemen moet de politiek aanpakken.","305",NA
"We investeren in 1. 500 extra politieagenten.","605",NA
"Die horen vooral thuis op straat en niet achter een bureau.","605",NA
"De computersystemen waar agenten mee moeten werken worden aangepast aan de behoeften van de agenten.","704",NA
"Agenten worden niet meer afgerekend op het aantal bonnen dat ze uitschrijven.","704",NA
"Met kleinschalige politieposten in de buurt brengen we de politie dichter bij huis.","301",NA
"Wijkagenten zetten we niet meer in voor andere politietaken.","605",NA
"Hun plek is in de buurt.","605",NA
"Politietaken laten we niet over aan particuliere beveiligers.","413",NA
"Dat is slecht voor de politie en voor de veiligheid.","605",NA
"We starten een campagne om meer vrijwilligers te werven voor de brandweer.","605",NA
"Brandweerlieden krijgen meer inspraak in hun werk","202",NA
"en hun opleiding wordt verbeterd.","411",NA
"Agressie tegen politieagenten, brandweerlieden en andere publieke hulpverleners wordt extra hard aangepakt, met stevige straffen en boetes.","605",NA
"Er komt voldoende capaciteit bij de politie en het Openbaar Ministerie om alle aangiften in behandeling te nemen.","605",NA
"Anoniem aangifte doen wordt mogelijk.","605",NA
"Politie en Openbaar Ministerie moeten slachtoffers op de hoogte houden hoe hun zaak verloopt.","503",NA
"Slachtoffers krijgen hulp bij het verhalen van hun schade op de dader.","503",NA
"Door de rechter opgelegde schadevergoedingen worden voorgeschoten door de overheid, die het geld vervolgens bij de dader int.","503",NA
"Voor ingewikkelde zaken zoals kinderporno, cybercrime, milieudelicten, mensenhandel en zedendelicten moet bij politie, Openbaar Ministerie en rechters meer kennis en expertise komen.","605",NA
"Pooierboys worden hard aangepakt, ook als geen aangifte van strafbare feiten is gedaan – bijvoorbeeld omdat het slachtoffer dit niet durft – moeten daders worden opgespoord en vervolgd.","605",NA
"Meer en blijvende aandacht is nodig voor het voorkomen van huiselijk geweld en eerwraak.","605",NA
"Discriminatie van homo’s, lesbo’s en transseksuelen tolereren we niet.","503",NA
"Geweld tegen deze groepen  wordt altijd door politie en justitie aangepakt.","605",NA
"Fraudebestrijding krijgt meer prioriteit.","605",NA
"Het Openbaar Ministerie krijgt meer forensisch accountants en fiscalisten en ook de rechterlijke macht krijgt meer deskundigheid.","605",NA
"Er komt een nationaal coördinator fraudebestrijding.","605",NA
"De verkoop en teelt van softdrugs voor de Nederlandse markt wordt gelegaliseerd, om overlast en criminaliteit tegen te gaan.","604",NA
"En de controle op de kwaliteit te verbeteren.","504",NA
"Verkoop en productie van harddrugs blijven strafbaar.","605",NA
"Er komt betere voorlichting over de gevolgen van drugsgebruik bij jongeren onder de 18 jaar.","504",NA
"Ouders worden aangesproken op de verantwoordelijkheid die zij hierin hebben.","603",NA
"Boetes worden waar mogelijk inkomensafhankelijk.","503",NA
"Dat is eerlijker en effectiever.","503",NA
"Mensen met minder geld kunnen altijd een beroep doen op een toegankelijk stelsel van rechtsbijstand.","503",NA
"Voor marktdenken is in de rechtsbijstand geen plaats.","413",NA
"Er komt een onafhankelijke Revisieraad.","201",NA
"Die krijgt de mogelijkheid om bij twijfel afgesloten strafzaken opnieuw te laten onderzoeken.","201",NA
"Gebiedsverboden kunnen helpen overlastgevers tijdelijk te weren en mensen weg te houden uit de omgeving van hun slachtoffers.","605",NA
"Gevangenissen krijgen speciaal geschoold personeel voor de resocialisatie van gevangenen.","504",NA
"In de gevangenis beginnen we met de aanpak van verslaving en psychosociale problemen.","504",NA
"Ernstig psychisch gestoorde gedetineerden horen thuis in een beveiligd psychiatrisch ziekenhuis.","504",NA
"Ex-gedetineerden krijgen een betere begeleiding bij hun terugkeer in de maatschappij.","503",NA
"De bureaucratie bij de reclassering gaan we flink te lijf.","303",NA
"Internet is een nieuwe bron van inkomsten voor tal van criminelen.","605",NA
"Veel actiever moet worden opgetreden tegen allerlei vormen van internetcriminaliteit.","605",NA
"Illegaal gokken via het internet moet beter worden bestreden.","605",NA
"Het College Bescherming Persoonsgegevens krijgt meer sanctiemogelijkheden en moet hogere boetes kunnen opleggen als er sprake is van schending van privacy.","605",NA
"In Europees verband pleiten we voor afschaffing van de vingerafdruk in het paspoort.","201",NA
"Die vingerafdrukken gaan we niet opslaan in een groot databestand.","201",NA
"We moeten de samenleving beschermen tegen nieuwe dreigingen van criminaliteit en terrorisme.","605",NA
"Als dergelijke maatregelen echter onnodig de privacy en de burgerrechten inperken, moeten we ze aanpassen.","201",NA
"Investeren in beter onderwijs, inzetten op de kenniseconomie.","305",NA
"De politiek heeft er de mond vol van.","305",NA
"Maar ondertussen lopen we achter bij de rest van Europa.","305",NA
"We hebben ons onderwijs teveel ingericht naar de grillen van zogenaamde onderwijsdeskundigen.","704",NA
"En te weinig naar de wensen van scholieren en studenten en de kennis van leraren en docenten.","704",NA
"Wij stellen het belang van de scholier en de student centraal en geven het onderwijs terug aan de leraar en de docent.","704",NA
"We bezuinigen niet, maar investeren in onderwijs.","506",NA
"Beter onderwijs vergt betere leraren en dus betere opleidingen.","506",NA
"De eisen moeten hoger, de vakinhoudelijke kennis breder.","506",NA
"Beroepsonderwijs moet opleiden tot een vak waar je echt wat aan hebt.","506",NA
"Universiteiten en hogescholen horen geen leerfabrieken te zijn waar je het allemaal maar zelf moet uitzoeken.","506",NA
"Persoonlijke begeleiding en bereikbare docenten maken studeren aantrekkelijker en effectiever.","506",NA
"Om de toegang tot het onderwijs te garanderen, gaan we niet morrelen aan de studiefinanciering.","506",NA
"Na jarenlange onderwijshervormingen is de leraar buiten spel komen te staan.","704",NA
"Of het nu gaat om de tweede fase, het vmbo, de schaalvergroting of ‘Weer samen naar school’; aan de betrokkenen werd niets gevraagd.","704",NA
"In het rapport De leraar aan het woord blijkt dat leraren bij uitstek weten hoe het beter kan.","704",NA
"De opleidingen moeten beter,","506",NA
"de klassen moeten kleiner","506",NA
"en de bureaucratie moet aan banden.","303",NA
"Maar bovenal moet de macht van managers en schoolbestuurders worden ingeperkt.","704",NA
"Leraren willen weer zeggenschap in de klas.","704",NA
"We gaan extra investeren in het onderwijs.","506",NA
"En zorgen dat de beschikbare middelen ook naar onderwijs gaan en niet naar overhead.","506",NA
"Dat betekent meer tijd om te onderwijzen en minder tijdverlies aan bureaucratie en regeldrift.","303",NA
"Schoolmanagers horen vanaf nu ook zelf les te geven.","506",NA
"Onderwijsvernieuwing bleek te vaak onderwijsvernieling.","506",NA
"Grote onderwijshervormingen worden nooit meer over de hoofden van scholieren, studenten en docenten doorgevoerd.","706",NA
"Goed onderwijs heeft bevoegde leraren nodig.","506",NA
"En dus horen onbevoegde leraren in twee jaar hun bevoegdheid te halen.","506",NA
"Lerarensalarissen stellen we landelijk vast.","412",NA
"Gaandeweg komt er op elke basisschool extra ondersteuning, bijvoorbeeld via een schoolconciërge.","506",NA
"Voor leerlingen met een stoornis of handicap moet speciaal onderwijs beschikbaar zijn.","506",NA
"Geld voor zorgleerlingen wordt besteed aan hun begeleiding.","506",NA
"Het zogenaamde ‘passend onderwijs’ is een bezuiniging en moet daarom van tafel.","506",NA
"De inkoop van schoolboeken hoeft niet meer via aanbesteding.","704",NA
"Scholen en leraren hebben het recht hun eigen schoolboeken te kiezen.","704",NA
"Schaalvergroting pakt vaak verkeerd uit.","301",NA
"Scholen worden leerfabrieken, met weinig persoonlijke relaties en veel bureaucratie.","301",NA
"Fusies tussen scholen gaan we streng toetsen en scholen krijgen de kans uit een volgens hen te groot schoolbestuur te stappen.","301",NA
"We stimuleren de bouw van kleine scholen.","301",NA
"Iedereen onder de 23 jaar leert of werkt.","706",NA
"Zonder startkwalificatie hoort niemand het onderwijs te verlaten.","706",NA
"Voor jongeren die wegens beperkingen geen startkwalificatie kunnen halen komen er volop mogelijkheden om een - op hun talenten gerichte - opleiding, werk of dagbesteding te volgen.","706",NA
"Uitval in het voortgezet en beroepsonderwijs pakken we aan door intensievere begeleiding.","706",NA
"Leerlingen in het voortgezet onderwijs moeten soepel kunnen doorstromen.","506",NA
"Belemmeringen om te ‘stapelen’ (van vmbo naar havo en vwo) ruimen we op.","506",NA
"En leerlingen die daarmee geholpen worden, bieden we praktijkgericht onderwijs.","506",NA
"Het eindniveau van het mbo wordt centraal vastgesteld en er komen landelijke examens.","506",NA
"Daarmee maken we invoering van competentiegericht onderwijs in het mbo overbodig.","506",NA
"Functioneel analfabetisme gaan we beter aanpakken.","506",NA
"Daarmee helpen we veel mensen die nu vaak problemen hebben om mee te komen in de maatschappij.","503",NA
"We gaan niet morrelen aan de studiefinanciering en de basisbeurs.","504",NA
"Om de toegankelijkheid voor studenten uit gezinnen met een laag inkomen te verbeteren verhogen we de aanvullende beurs.","504",NA
"Aan een nieuw leenstelsel hebben we geen behoefte, omdat scholieren en studenten hier geen belang bij hebben.","706",NA
"Het collegegeld mag maximaal met de algemene inflatie stijgen.","506",NA
"Aan collegegelddifferentiatie doen we niet.","506",NA
"En mbo’ers krijgen een gratis ov-jaarkaart.","504",NA
"Sponsoring en reclame horen niet thuis op scholen.","413",NA
"Ouderbijdragen moeten aan een maximum worden gebonden en iedereen hoort te weten dat betaling niet verplicht maar vrijwillig is.","506",NA
"We hebben belang bij meer onafhankelijk wetenschappelijk onderzoek.","411",NA
"Daar willen we meer geld voor beschikbaar stellen.","411",NA
"Opdrachtgevers moeten zich houden aan de gedragscode voor onafhankelijk onderzoek van de Koninklijke Nederlandse Akademie van Wetenschappen (KNAW).","411",NA
"Alle leerlingen krijgen een acceptatierecht, mits de ouders de grondslag van de school erkennen.","706",NA
"Alle scholen hebben een acceptatieplicht.","706",NA
"Leraren en leerlingen weigeren of hinderen omdat ze homo of lesbo zijn, wordt niet getolereerd.","503",NA
"We helpen scholen en gemeenten om zo veel en zo snel mogelijk gemengde scholen te krijgen, met kinderen van verschillende af- en herkomst.","607",NA
"Zo leren jongeren elkaar kennen, goed met elkaar om te gaan en samen op te trekken.","606",NA
"We leven met veel mensen op een klein stukje aarde.","501",NA
"Die ruimte moeten we slim gebruiken, voor wonen en natuur, economie en recreatie.","501",NA
"De grenzen tussen bebouwd en onbebouwd gebied moeten scherp blijven, om verrommeling van het landschap tegen te gaan.","501",NA
"De grondmarkt moet grondig op de schop.","403",NA
"De overheid moet zijn greep op onze grond terugkrijgen en speculatie de kop indrukken.","403",NA
"In sommige gebieden krimpt de bevolking.","501",NA
"Maatregelen zijn nodig om die gebieden leefbaar te houden.","501",NA
"Nederland heeft een mooie traditie van volkshuisvesting, om iedereen een fatsoenlijk en betaalbaar thuis te bieden.","408",NA
"In een plezierige buurt, met voldoende voorzieningen.","408",NA
"Die verworvenheid is te grabbel gegooid.","408",NA
"De woningcorporaties zijn de markt op gedreven, waardoor ze nu goedkope woningen slopen en dure huizen bouwen.","408",NA
"De woningcorporaties moeten weer de woningen gaan bouwen die mensen nodig hebben.","408",NA
"In het rapport Langs de slooplat. Vijf voorwaarden voor het slopen van betaalbare huurwoningen stellen we eisen aan de sloop van woningen.","408",NA
"We slopen alleen huizen die aantoonbaar slecht zijn en voorkomen dat bewoners naar een andere slechte woning moeten.","408",NA
"Corporaties moeten aantonen dat huizen niet te verhuren zijn en sloop niet leidt tot langere wachtlijsten.","408",NA
"Maar vooral: de bewoners moeten meer inspraak hebben bij de sloop van hun eigen huis.","202",NA
"De hypotheekrenteaftrek wordt gegarandeerd, en in de komende tien jaar gemaximeerd, tot 350. 000 euro hypotheekschuld.","408",NA
"Tegen een maximale belastingaftrek van 42 procent.","408",NA
"Het aflossen van hypotheekschuld wordt aangemoedigd.","408",NA
"De zeggenschap van de huurders over de corporaties wordt versterkt.","202",NA
"Grote corporaties die onder de maat presteren, kunnen voortaan worden opgeknipt.","403",NA
"De gemiddelde huurstijging van corporatiewoningen hoort niet hoger te zijn dan de inflatie.","503",NA
"De uitvoering van de huurtoeslag door de Belastingdienst wordt verbeterd.","303",NA
"De huurbescherming wordt uitgebreid, van 650 euro naar 850 euro.","504",NA
"Woningcorporaties moeten terughoudend zijn bij de verkoop van woningen.","408",NA
"De betaalbaarheid van woningen voor starters vergroten we door bij verkoop van corporatiewoningen een korting te geven, in combinatie met een terugkoopregeling bij doorverkoop (‘maatschappelijk gebonden eigendom’).","503",NA
"Sociale huurwoningen worden alleen gesloopt als uit onafhankelijk onderzoek blijkt dat dit bouwtechnisch noodzakelijk is of als permanente leegstand dreigt.","408",NA
"Er komt een solidariteitsfonds voor woningcorporaties, voor het verbeteren van buurten en dorpen.","408",NA
"Dat fonds vullen we op basis van de draagkracht van de corporaties.","408",NA
"De ‘Vogelaarheffing’ en de vennootschapsbelasting verdwijnen.","408",NA
"We spreken woningcorporaties aan op hun publieke verantwoordelijkheid.","503",NA
"Gemeenten en woningcorporaties maken prestatieafspraken over de woningbouw.","408",NA
"Over nieuwbouw, onderhoud van bestaande woningen en de leefbaarheid van de buurt.","408",NA
"In grote woningcomplexen komt waar nodig een conciërge.","408",NA
"Zolang er leegstand is wordt het kraakverbod teruggedraaid.","503",NA
"Daar waar woningnood is moeten gemeenten leegstand bestrijden.","503",NA
"De overheid stimuleert duurzaam en energiezuinig bouwen.","416",NA
"Bouwvergunningen voor bestaande gebouwen worden alleen afgegeven als het gebouw daarna minimaal voldoet aan energielabel D.","416",NA
"Woningcorporaties gaan verplicht meer werk maken van de warmte-isolatie van bestaande woningen.","416",NA
"Wij maken een begin met een omvangrijke bouw van sociale huurwoningen om het woningtekort in Nederland tegen te gaan.","504",NA
"Gemeenten worden verantwoordelijk voor een sluitend vangnet van opvangvoorzieningen voor dak- en thuislozen, voor begeleide woonplekken en werkprojecten.","301",NA
"Ontslag uit een psychiatrische of justitiële inrichting wordt gekoppeld aan opvang en begeleiding.","503",NA
"Wijken worden gemengd, jong en oud, allochtoon en autochtoon, rijk en arm.",NA,NA
"Door een huisvestingswet krijgen gemeenten meer mogelijkheden om wijken te mengen.","301",NA
"De rijksoverheid neemt de verantwoordelijkheid voor een duurzame ruimtelijke inrichting van ons land.","416",NA
"Alleen zo krijgen we een goede spreiding van wonen en natuur, economie en recreatie.","416",NA
"Voor de leefbaarheid moet het mogelijkheid blijven om woningen te bouwen in de kleinere kernen.","408",NA
"Er komt een aanpak voor krimpregio’s en kleine kernen.","408",NA
"Ook in delen van Nederland waar de bevolking krimpt, moet de leefbaarheid worden gegarandeerd.","408",NA
"Voorzieningen moeten zo dicht mogelijk in de buurt blijven, van basisschool tot gemeenteloket, van thuiszorg tot winkelfiliaal, brievenbus, pinautomaat en bibliobus.","408",NA
"Van winkelbedrijven en banken die veel geld verdienen in dichtbevolkte gebieden, vragen we om ook op het dunner bevolkte platteland redelijke voorzieningen aan te bieden.","408",NA
"In gebieden waar bovenmatige krimp optreedt, springt de rijksoverheid bij om de noodzakelijke herstructurering mogelijk te maken.","408",NA
"In plaats van nieuwe kantoorruimte te bouwen kunnen we beter eerste ruim 8 miljoen m2 aan leegstaande kantoorruimte vullen.","408",NA
"Verouderde bedrijventerreinen kunnen we met een opknapbeurt weer aantrekkelijk maken voor ondernemers.","408",NA
"Het bestaande groen wordt toegankelijker gemaakt.","501",NA
"Historische stadsparken krijgen de status van beschermd stadsbeeld.","501",NA
"Woningbouw vindt vooral plaats in en rond stedelijke kernen, waartussen voldoende groene, open ruimte blijft.","501",NA
"De Ecologische Hoofdstructuur (EHS) wordt daadwerkelijk gerealiseerd.","501",NA
"We voorkomen grondspeculatie.","408",NA
"De meerwaarde die de grond oplevert als gevolg van de verandering van bestemming komt ten goede aan de gemeenschap.","503",NA
"Weinig onderwerpen in Nederland worden meer besproken dan de files.","411",NA
"Die lossen we niet op door alleen maar meer asfalt aan te leggen.","305",NA
"Ook helpt het niet om mensen in de file meer te laten betalen.","305",NA
"We stoppen dan ook met de filebelasting.","305",NA
"En nemen slimme maatregelen om in drukke tijden en op drukke plaatsen de doorstroming te bevorderen.","411",NA
"De eindeloze groei van luchthaven Schiphol leggen we aan banden.","416",NA
"Goederenvervoer via de binnenvaart gaan we stimuleren.","411",NA
"De politiek heeft steeds minder te zeggen over het openbaar vervoer.","413",NA
"De vervoersbedrijven zijn verzelfstandigd, of verkocht aan buitenlandse ondernemingen.","413",NA
"We geven de overheid meer verantwoordelijkheid voor het organiseren van de bus, de trein, de tram en de metro.","413",NA
"Bijvoorbeeld door zelf een vervoersbedrijf op te richten.","413",NA
"We investeren in een fijn vertakt netwerk van fatsoenlijk openbaar vervoer.","411",NA
"Ook nemen we maatregelen tegen overlast en agressie in het openbaar vervoer.","605",NA
"Een gemakkelijke oplossing voor de files bestaat niet.","305",NA
"Slimme oplossingen om de files te verminderen zijn er wel.","411",NA
"In het rapport Van stilstand naar vooruitgang noemen we maatregelen om de doorstroming in het verkeer te verbeteren.","305",NA
"Met wegmarkeringen,  verkeerslichten en navigatiesystemen kan het verkeer beter worden gedoseerd.","411",NA
"Sneller bergen bij ongelukken voorkomt ook veel fileleed.","411",NA
"Beter openbaar vervoer op industrieterreinen en kantoorgebieden helpt ook om files te bestrijden.","411",NA
"De overheid kan een bijdrage leveren door de werktijden beter te spreiden.","411",NA
"Zolang de kilometerheffing niet meer is dan een filebelasting, gaan we er niet aan beginnen.","411",NA
"Flessenhalzen in snelwegen lossen we op, zodat we de doorstroming bevorderen.","411",NA
"Met meer asfalt alleen lossen we de files echter niet op.","411",NA
"We nemen slimme maatregelen om de doorstroming in het verkeer te verbeteren, met wegmarkeringen, verkeerslichten en navigatiesystemen.","411",NA
"Minder files krijg je door beter openbaar vervoer.","411",NA
"Daarom breiden we het netwerk flink uit en eisen we van vervoersbedrijven op die lijnen gegarandeerde frequenties.","411",NA
"Gehandicapten mogen voortaan gratis parkeren.","705",NA
"Er komen meer en ruimere gereserveerde parkeerplaatsen voor gehandicapten.","705",NA
"De verplichte aanbesteding van bus- en treinvervoer wordt afgeschaft.","413",NA
"De overheid kan weer zijn eigen vervoersbedrijven beginnen.","413",NA
"In meerdere plaatsen in Nederland moet geëxperimenteerd worden met gratis openbaar vervoer.","411",NA
"Gemeenten en provincies krijgen steun bij initiatieven voor verbetering van het openbaar vervoer, zoals aanleg en uitbreiding van tramnetten en stappen naar gratis openbaar vervoer.","411",NA
"Met hoogwaardig openbaar vervoer op maat maken we woon-werkverkeer meer milieuvriendelijk.","411",NA
"Thuiswerken en gespreide werktijden gaan we stimuleren.","408",NA
"We leggen nieuwe spoorlijnen, inhaalsporen en stations aan, zoals langs de A27 tussen Utrecht en Breda.","411",NA
"Om het gebruik van de trein te stimuleren wordt het treinkaartje na de ochtendspits 50 procent goedkoper.","411",NA
"Het nachtnet dat op voorstel van de SP in Noord-Brabant in gebruik is genomen wordt uitgebreid tot een nationaal nachtnet.","411",NA
"Gegevens over het reisgedrag van reiziger mogen niet langer worden opgeslagen dan noodzakelijk is voor het vervoer.","201",NA
"Deze gegevens mogen niet worden gebruikt voor marketing-doeleinden.","201",NA
"De ov-chipkaart mag pas verplicht worden als de problemen met de kosten en het gebruik zijn opgelost.","408",NA
"Invoering mag ook niet leiden tot duurder openbaar vervoer.","503",NA
"Vervoersmaatschappijen gaan zorgen voor goede en gratis reisinformatie.","411",NA
"De NS worden samengevoegd met ProRail.","413",NA
"Zij worden een volledig overheidsbedrijf, onder verantwoordelijkheid van de betreffende minister.","413",NA
"Dit nieuwe bedrijf moet de dienstverlening op een hoger niveau brengen.","411",NA
"Voor mensen met een handicap maken we het openbaar vervoer beter toegankelijk.","705",NA
"Het (bovenregionaal) gehandicapten, ouderen- en leerlingenvervoer worden verbeterd, bijvoorbeeld door het in gemeentelijk beheer te nemen of bij aanbesteding kwaliteitseisen te stellen.","411",NA
"We willen weer betrouwbaar taxivervoer.","411",NA
"Gemeenten krijgen meer zeggenschap over de taxi.","411",NA
"De taximarkt gaan we reguleren, door een capaciteitsbeleid en door eisen te stellen aan de kwaliteit van de chauffeurs.","403",NA
"Luchthaven Schiphol kan niet eindeloos blijven groeien.","501",NA
"De overlast moet minder.","501",NA
"Daarom zijn Europese afspraken nodig over beperking en verdeling van het vliegverkeer.","108",NA
"De aandelen van Schiphol blijven in handen van de overheid.","413",NA
"Vliegveld Twente moet dicht blijven.","501",NA
"Luchthaven Lelystad en Eindhoven Airport mogen geen nieuwe groeilocatie worden voor Schiphol en slechts groeien tot de grenzen zoals vastgelegd in de Planologische Kern Beslissing van 2004.","501",NA
"Verplaatsing van Luchthaven Lelystad naar een andere locatie in Flevoland is geen optie.","501",NA
"Ook voor andere luchthavens stellen we grenzen aan de groei.","501",NA
"De overlast van militaire Awacs-vliegtuigen wordt aangepakt.","501",NA
"Binnenvaart en kustvaart gaan we beter inzetten voor het goederenvervoer, ter ontlasting van het spoor- en wegennet.","411",NA
"Het gebruik van de fiets gaan we volop stimuleren.","411",NA
"Er komen meer bewaakte gratis fietsenstallingen bij (bus)stations.","411",NA
"Beschermen wat kwetsbaar is, dat is een kwestie van beschaving.","503",NA
"Bijna 380.000 kinderen groeien op in armoede.","503",NA
"Elk jaar vallen bijna 50. 000 jongeren uit in het onderwijs.","503",NA
"Wij hebben de taak onze kinderen een eerlijke kans te geven op een goede toekomst.","503",NA
"Daarom helpen we gezinnen met een lager inkomen.","504",NA
"En zorgen we voor hulp bij opvoeding.","504",NA
"We nemen maatregelen om kindermishandeling te voorkomen","503",NA
"en de jeugdzorg op orde te brengen.","504",NA
"Mensen met een lichamelijke, verstandelijke of psychische beperking moeten volwaardig kunnen deelnemen aan de samenleving.","503",NA
"Met een beetje steun maken we het leven voor mensen met een handicap een stuk gemakkelijker.","503",NA
"We nemen maatregelen om het vervoer voor gehandicapten te verbeteren,","503",NA
"de toegankelijkheid van gebouwen te vergroten","503",NA
"en meer onderwijs op maat te bieden.","506",NA
"Ook verbeteren we de toegankelijkheid van overheidswebsites.","303",NA
"Bijna nergens is het falen van de politiek zo duidelijk als in de jeugdzorg.","305",NA
"Miljarden worden uitgegeven aan managers, bureaucratie en instanties die langs elkaar heen werken.","303",NA
"Met als gevolg ontwrichte gezinnen, ouders en kinderen zonder toekomst.","305",NA
"In het rapport De jeugdhulpverlener aan het woord blijkt dat de werkdruk veel te hoog is; medewerkers verdrinken in het papierwerk en hulpverleners hebben veel te weinig tijd voor de kinderen.","303",NA
"Jeugdhulpverleners willen meer zeggenschap over hun eigen werk en minder controle van bovenaf.","704",NA
"Ook willen zij geen marktwerking in de jeugdzorg.","704",NA
"De kinderbijslag wordt inkomensafhankelijk en vervalt voor gezinnen met de hoogste inkomens.","503",NA
"Kinderopvang dient betaalbaar te zijn en van goede kwaliteit.","504",NA
"Ook voor kinderen met een specifieke sociale of medische indicatie moet goede opvang worden gegarandeerd.","503",NA
"Ouders gaan voor het tweede en de volgende kind(eren) zelf naar draagkracht meer bijdragen aan de kinderopvang.","503",NA
"Vanuit laagdrempelige centra in de buurt worden ouders ondersteund bij de opvoeding, wordt hulp en zorg geboden en als dat nodig is rechtstreeks doorverwezen naar specialistische hulp.","504",NA
"Er komt een permanente campagne tegen kindermishandeling.","503",NA
"Er komen meer behandelplaatsen voor kinderen die het slachtoffer zijn van kindermishandeling.","503",NA
"Overgewicht bij kinderen gaan we terugdringen.","504",NA
"Reclame voor ongezonde voeding gericht op kinderen tot twaalf jaar wordt verboden.","504",NA
"Snoep- en frisdrankautomaten weren we uit scholen.","504",NA
"Voorlichting aan ouders verbeteren we.","504",NA
"Jeugdwerkloosheid gaan we aanpakken, met bindende afspraken tussen overheid, werkgevers, werknemers en onderwijsinstellingen, over opleidingen, banen, stages en leerwerkplaatsen.","701",NA
"Voor jongeren zonder startkwalificatie komen volop mogelijkheden om een opleiding te volgen.","706",NA
"De werkloosheid onder kinderen van migranten vraagt extra aandacht.","705",NA
"Uitval in het vmbo en het beroepsonderwijs wordt bestreden door intensievere begeleiding.","506",NA
"Leerlingen die dat nodig hebben krijgen praktijkgerichte lessen.","506",NA
"Discriminatie op de arbeidsmarkt accepteren we niet.","503",NA
"Iedereen onder de 23 jaar leert of werkt.","506",NA
"Zonder startkwalificatie hoort niemand het onderwijs te verlaten.","506",NA
"Uitval in het voortgezet en het beroepsonderwijs pakken we aan door intensievere begeleiding.","506",NA
"Jongeren onder de 27 jaar krijgen weer recht op bijstand.","504",NA
"Er komen meer plekken in de jeugdzorg, zodat jongeren niet meer hoeven te wachten op de noodzakelijke hulp.","504",NA
"Het opsluiten van jongeren in de jeugdzorg gaan we voorkomen.","706",NA
"We willen meer gezinshuizen en pleeggezinnen en meer plekken voor opvang van zwerfjongeren.","504",NA
"We investeren meer in preventie, zodat we problemen kunnen voorkomen.","504",NA
"Jeugdzorg gaat waar mogelijk naar de gemeenten.","301",NA
"De marktwerking in geestelijke gezondheidszorg voor jongeren wordt teruggedraaid.","413",NA
"Jeugdhulpverleners krijgen meer tijd voor contact met kinderen en gezinnen.","704",NA
"Er komen meer jongerenwerkers en meer voorzieningen voor jongeren in de buurt, zoals buurtcentra en skatebanen.","504",NA
"We willen geen ‘mosquito’s’ (piepkastjes) die jongeren wegjagen.","706",NA
"Veel adoptieouders zetten zich met hart en ziel in voor hun kinderen.","706",NA
"Over het algemeen is het echter beter voor kinderen als ze in hun oorspronkelijke omgeving kunnen opgroeien.","706",NA
"Adoptie van buitenlandse kinderen moet daarom niet onbeperkt zijn.","706",NA
"De overheid controleert nauwgezet of er sprake is van kinderontvoering, kinderhandel of corruptie.","605",NA
"Gehandicapten mogen voortaan gratis parkeren.","705",NA
"Het gehandicaptenvervoer wordt verbeterd, door het in gemeentelijk beheer te nemen of bij aanbesteding kwaliteitseisen te stellen.","705",NA
"En bij vertraging krijgen mensen geld terug.","705",NA
"Voor mensen met een handicap maken we treinen en perrons, maar ook bussen, trams en metro’s beter toegankelijk.","705",NA
"Ook de toegankelijkheid van de openbare ruimte en van gebouwen wordt verbeterd voor mensen met een beperking.","705",NA
"De zakgeld- en kleedgeldregeling wordt verruimd.","705",NA
"De overheid en grote bedrijven moeten meer mensen met een handicap of gedeeltelijke arbeidsongeschiktheid in dienst nemen en passende stageplekken organiseren.","705",NA
"Daarvoor maken we een wettelijke regeling.","705",NA
"Overheidswebsites en diensten maken we beter toegankelijk voor mensen met een beperking.","705",NA
"Nederland moet het verdrag inzake de rechten van personen met een handicap van de VN met spoed ondertekenen.","201",NA
"We hebben niet alleen een economische crisis het hoofd te bieden.","501",NA
"Op termijn dreigt ook een klimaatcrisis.","501",NA
"Ons milieu wordt bedreigd en de zeespiegel zal stijgen, wat grote gevolgen kan hebben voor ons lage land.","501",NA
"Het toekomstige tekort aan fossiele brandstoffen kan leiden tot mondiale conflicten.","416",NA
"Reden genoeg om een stevig klimaatbeleid te voeren, met nadruk op energiebesparing en duurzame energie- en voedselproductie.","416",NA
"En op investeringen in een duurzame economie","416",NA
"en een groen belastingstelsel.","416",NA
"Het is een grote fout dat bestuurders onze grote energiebedrijven hebben verkocht aan buitenlandse ondernemingen.","413",NA
"Dat maakt het voeren van een duurzaam energiebeleid onnodig moeilijk.","413",NA
"De overheid neemt de komende jaren haar verantwoordelijkheid voor energiezuinig produceren en meer duurzame stroom- en gasproductie.","416",NA
"Landschap en natuur worden te gemakkelijk opgeofferd aan commerciële kortetermijnbelangen.","501",NA
"Boeren die ons landschap beheren, gaan ten onder in een moordende wereldconcurrentie.","703",NA
"Willen we een gezonde boerenstand zijn werk naar behoren laten doen, het dierenwelzijn bewaken, het landschap behouden, de natuur onderhouden en het milieu beschermen, dan dient de komende regering op dit gebied andere keuzes te maken.","305",NA
"Naast de bestaande klimaatdoelstellingen voor 2020, worden ook doelstellingen voor de langere termijn (2050) geformuleerd.","416",NA
"We gaan ontwikkelingslanden een stevige hand helpen met het opzetten van een goed klimaatbeleid.","107",NA
"De energiebelasting voor bedrijven wordt op termijn gelijkgesteld aan die voor consumenten.","503",NA
"De Gasunieconstructie - waarbij Shell en Esso 50 procent van de opbrengst van het gas krijgen - wordt ongedaan gemaakt.","503",NA
"Geld dat hierdoor vrijkomt wordt gestopt in een investeringsfonds voor duurzame energie.","416",NA
"We pakken onze energievoorziening terug.","413",NA
"Daarom stimuleren wij gemeenten die alleen of gezamenlijk een duurzaam gemeentelijk of regionaal energiebedrijf willen oprichten.","416",NA
"De uitstootrechten in de emissiehandel in CO2 gaan we stapsgewijs verlagen.","416",NA
"We stoppen met het gratis weggeven van emissierechten.","416",NA
"Voordat we overgaan tot ondergrondse opslag van CO2 moeten de effecten daarvan beter worden onderzocht.","416",NA
"In plaats van dure en onzekere investeringen te doen in het opslaan van CO2 kunnen we beter investeren om de uitstoot van CO2 terug te dringen.","416",NA
"We bevorderen energiezuiniger bouwen, transport en productie,","416",NA
"het nuttig gebruik van restwarmte van elektriciteitscentrales en industrie en andere energiebesparende technieken,","416",NA
"en de uitbreiding van duurzame stroom- en gasproductie.","416",NA
"Kolen-, olie- en kerncentrales moeten worden vervangen door zonne-, wind- en andere duurzame energie.","416",NA
"Er komt een ruimere subsidie voor zonnepanelen.","416",NA
"In een Klimaatwet nemen we maatregelen voor een duurzame energievoorziening.","416",NA
"De subsidie voor duurzame energie wordt beperkt tot technieken die nog volop in ontwikkeling zijn, zoals zonnestroom.","416",NA
"Voor wind, biomassa en andere technieken die al bijna volwassen zijn, komt er een verplicht aandeel duurzame productie voor de energieleveranciers.","416",NA
"De overheid geeft zelf het goede voorbeeld op het gebied van energiebesparing, zuinige auto’s en het gebruik van duurzame energie en bouwmaterialen.","416",NA
"Er komt een heffing op het landen en opstijgen van vliegtuigen om de schadelijke milieugevolgen van het vliegverkeer terug te dringen, zolang er geen Europese kerosineheffing is.","416",NA
"We streven naar een zo sterk mogelijke vergroening van het belastingstelsel, waarbij milieuvriendelijk produceren wordt bevorderd en vervuilende productie zwaarder wordt belast.","416",NA
"We moeten zuinig zijn met het gebruik van grondstoffen.","416",NA
"Producenten worden verantwoordelijk gesteld voor de afvalproductie en de verpakkingsindustrie wordt aangepakt.","416",NA
"De illegale handel in afval via Nederland gaan we aanpakken door streng te handhaven in de havens en toe te zien op de afvalmakelaars.","605",NA
"In Europees verband stellen we voorwaarden voor een verantwoorde verwerking van ons afval.","108",NA
"De controle op en bestraffing van illegale lozingen op zee krijgt een hogere prioriteit.","605",NA
"Het transport van gevaarlijke stoffen dient tot een minimum te worden teruggebracht.","605",NA
"Gemeenten moeten op de hoogte zijn van het vervoer van gevaarlijke stoffen en rampenplannen opstellen.","605",NA
"Zij moeten de bevolking adequaat informeren.","605",NA
"Om bureaucratie te voorkomen komt er één landelijke inspectiedienst die toezicht houdt op milieu, arbeidsomstandigheden, volksgezondheid en ruimtelijke ordening.","403",NA
"De handhavers krijgen een ruim mandaat en doorzettingsmacht.","605",NA
"Er komen betere regels voor bescherming tegen bodemverontreiniging.","501",NA
"Er komt een nationaal plan om asbest te inventariseren en te verwijderen.","501",NA
"De intensieve veehouderij is in Nederland verantwoordelijk voor 14 procent van de uitstoot van broeikasgassen.","501",NA
"Alleen al daarom zal de veestapel verkleind moeten worden.","501",NA
"We stimuleren warmtekrachtkoppelingscentrales en CO2-gebruik bij tuinders.","416",NA
"Uitstoot gaan we ook tegen door het bevorderen van duurzame landbouw en kortere transportafstanden.","416",NA
"1/3 van de boerenbevolking leeft onder de armoedegrens.","703",NA
"Elke week verdwijnen tientallen boerenbedrijven.","703",NA
"Boeren horen een eerlijke prijs te krijgen voor een eerlijk product.","703",NA
"Verkoop onder de kostprijs wordt aangepakt.","703",NA
"Ruim 95 procent van de 450 miljoen landbouwdieren leeft in de bio-industrie.","416",NA
"De bio-industrie dringen we terug.","416",NA
"Nederland wordt een land met een diervriendelijke veehouderij.","416",NA
"Verdere schaalvergroting en megastallen gaan we tegen.","416",NA
"We bevorderen grondgebonden veehouderij.","501",NA
"Dierenwelzijnsnormen worden aangescherpt.","501",NA
"Verminking van dieren wordt verboden.","501",NA
"Het fokken en doden van dieren uitsluitend om hun bont of verenkleed wordt eveneens verboden.","501",NA
"Om dierenmishandeling tegen te gaan kan de rechter een verbod opleggen op het houden van dieren.","501",NA
"Transporten van slachtdieren over lange afstanden wordt verboden.","501",NA
"‘Plezierjacht’ wordt eveneens verboden.","501",NA
"Het preventieve gebruik van antibiotica in de intensieve veehouderij dient verboden te worden.","501",NA
"Het algemene gebruik moet tot het minimum worden beperkt.","501",NA
"In de Noordzee maken we beschermde natuurgebieden, om natuurherstel en herstel van de visstand te bevorderen.","501",NA
"Overbevissing gaan we voorkomen.","501",NA
"Het onderzoek naar vleesvervangende producten wordt bevorderd.","501",NA
"Biologische voeding wordt door de overheid gepromoot.","501",NA
"Het aantal dierproeven wordt tot een minimum beperkt.","501",NA
"Waar alternatieven voor dierproeven voorhanden zijn, worden deze verplicht gesteld.","501",NA
"Er komt een (grond)wettelijke zorgplicht voor het welzijn van dieren.","501",NA
"In een gezonde samenleving werken we om te leven – en niet andersom.","502",NA
"Na ons werk willen we op een prettige manier ontspannen.","502",NA
"En voldoende gelegenheid hebben om onze creativiteit te ontplooien.","502",NA
"Dat vereist voldoende betaalbare voorzieningen voor sport en amusement en mogelijkheden om bezig te zijn met kunst en cultuur.","502",NA
"En het vereist een rigoureus indammen van de almaar uitdijende recreatie- en cultuurmarkt, waarop alles van waarde een koopwaar wordt en de dikte van de portemonnee bepaalt wie zich wat kan permitteren.","403",NA
"In tijden van crisis is de cultuur vaak het eerste slachtoffer.","502",NA
"Maar juist in crisistijd kunnen kunst en cultuur een signaal zijn van nieuwe hoop en creativiteit.","502",NA
"Een creatieve samenleving daagt iedereen uit zichzelf te blijven ontwikkelen.","502",NA
"Dat kan in bibliotheken en musea, in muziekscholen en fanfares, in zangkoren en toneelclubs, op poppodia, in ateliers voor beeldende kunst en andere kleinschalige centra.","502",NA
"De media vormen een bron van vermaak, maar ook van informatie en confrontatie van opvattingen.","201",NA
"Voor een vrije en democratische samenleving is het van belang dat de media niet geheel afhankelijk worden van de commercie.","201",NA
"De overheid helpt daarom de vrije nieuwsgaring te beschermen.","201",NA
"Wie zijn geschiedenis niet kent, is slecht toegerust voor de toekomst.","601",NA
"Juist in een land waar de tweedeling groeit, is het van belang kennis te nemen van ons verleden.","601",NA
"Het door de SP gelanceerde idee voor de oprichting van een Nationaal Historisch Museum is inmiddels door het parlement en de regering omarmd.","601",NA
"Binnenkort kan daardoor iedereen die dat wil, daar het verhaal van onze gezamenlijke geschiedenis zien, beleven en overdenken.","601",NA
"De toegang tot rijksmusea wordt gratis.","502",NA
"Andere gesubsidieerde musea horen minstens één dag per week gratis toegankelijk te zijn.","502",NA
"Nederlandse muzikanten moeten een eerlijke kans krijgen om met muziek maken de kost te verdienen.","502",NA
"Concertbezoekers moeten wettelijk beschermd worden tegen het opdrijven van de prijzen van tickets voor concerten en evenementen.","502",NA
"De overheid moet in samenspraak met kunstenaars en artiesten maatregelen nemen voor subsidiëring en ondersteuning.","502",NA
"Beroepskunstenaars moeten een eerlijke kans krijgen om met hun eigen werk een fatsoenlijk inkomen te verdienen.","502",NA
"Bibliotheken zijn niet alleen kenniscentra, maar ook ontmoetingsplaatsen voor de inwoners van wijken en dorpen.","606",NA
"Ze verdienen daarom blijvende steun van de overheid.","502",NA
"Muziekscholen en fanfares, zangkoren en toneelclubs, poppodia, ateliers voor beeldende kunst en andere kleinschalige creatieve centra zijn de basis voor een breed cultureel leven.","502",NA
"De overheid erkent haar verantwoordelijkheid om dit culturele leven levendig te houden en waar nodig te ondersteunen.","502",NA
"Het maken van kunst en genieten van cultuur dicht bij huis – niet alleen in de stad, maar ook op het platteland – moet door de overheid worden aangemoedigd.","502",NA
"Tenminste 3 procent van de ruimte in een wijk moet worden bestemd voor sport- en speelruimte.","502",NA
"Jongeren hebben recht op eigen plekken in hun buurt.","502",NA
"Sportvelden in buurten en dorpen worden zoveel mogelijk behouden.","502",NA
"De compensatie van de ecotaks voor sportverenigingen blijft bestaan.","502",NA
"Investeringen van de overheid in de topsport horen in ieder geval gepaard te gaan met investeringen in de breedte- en amateursport.","502",NA
"Er komt een betere vervoersregeling voor gehandicapte sporters.","502",NA
"Naast sportrolstoelen komen ook andere hulpmiddelen voor gehandicapte sporters voor vergoeding in aanmerking.","502",NA
"De Nederlandse Publieke Omroep verdient bescherming én verdere ontwikkeling.","502",NA
"Voor omroepverenigingen wordt een promotie-degradatiesysteem ingevoerd op grond van bereik en waardering.","502",NA
"Het ledental bepaalt slechts een deel van de zendtijd.","502",NA
"Er komt een onafhankelijke kijkwijzer.","502",NA
"Kranten staan onder druk.","502",NA
"Verdergaande concentratie leidt tot verschraling van nieuws en opinie.","502",NA
"De overheid moet zich inzetten om de onafhankelijke regionale pers overeind te houden.","502",NA
"Om ons cultureel erfgoed en kennis ook voor de toekomst digitaal te bewaren moet gebruik worden gemaakt van open standaarden.","201",NA
"Internet is een vitale infrastructuur die voor ieder mens toegankelijk hoort te zijn.","201",NA
"Het is de taak van de overheid dat te bevorderen.","201",NA
"Burgers mogen niet worden afgesloten vanwege downloaden.","201",NA
"In internationaal verband worden voorstellen gedaan om de almacht van enkele gigaconcerns aan banden te leggen.","107",NA
"Gebruik van open standaarden kan helpen het internet voor iedereen open te houden.","201",NA
"Het toekomstige Nationaal Historisch Museum wordt voor iedereen gratis toegankelijk.","502",NA
"Mensen over heel de wereld zoeken elkaar steeds meer op en werken steeds meer samen.","107",NA
"Voor de bestrijding van armoede en rampen.","107",NA
"In de strijd tegen de vervuiling en voor een beter klimaat.","107",NA
"Om conflicten te bestrijden en oorlogen te voorkomen.","107",NA
"Door effectieve ontwikkelingssamenwerking, internationale afspraken en goede diplomatie.","107",NA
"Denken dat we met militair ingrijpen problemen kunnen oplossen, is meestal een grote vergissing,  die geen mensenlevens redt, maar kost.","106",NA
"De oorlogen in Irak en Afghanistan bleken dodelijke vergissingen, waarbij onze regering ernstig faalde en niet luisterde naar de bevolking.","106",NA
"Dat mag nooit meer gebeuren.","106",NA
"Daarom moeten we de NAVO – die een overblijfsel is uit de Koude Oorlog – omvormen en inbedden in een nieuwe mondiale veiligheidsorde.","105",NA
"Daarin horen de Verenigde Naties de leiding te nemen.","107",NA
"Dan kunnen we in de toekomst conflicten helpen voorkomen en de voedingsbodem voor terroristen wegnemen.","107",NA
"Internationale politiek is gebaseerd op een verkeerd uitgangspunt: het recht van de sterkste.","105",NA
"Een internationale machtsorde waarin de landen die militair dominant zijn hun zin kunnen doorzetten.","105",NA
"Het falen van de NAVO in Afghanistan laat zien dat zo’n orde leidt tot chaos.","105",NA
"In Brandhaard aarde. Internationale machtsorde of internationale rechtsorde? geven we onze visie op een betere wereldorde, die niet is gebaseerd op permanente oorlog, maar op het internationale recht.","106",NA
"In het rapport staat ook hoe we de Verenigde Naties willen versterken, de NAVO willen omvormen en het Internationaal Monetair Fonds (IMF) en de Wereldbank willen democratiseren.","107",NA
"Alle Nederlandse militairen trekken we terug uit Afghanistan.","105",NA
"We beginnen daar geen nieuwe missie.","105",NA
"Wel geven we civiele steun.","107",NA
"En leveren we een bijdrage in de ontwikkeling van het land.","107",NA
"Elke uitzending van Nederlandse militairen wordt gevolgd door een grondige parlementaire evaluatie, om te beginnen die in Afghanistan.","202",NA
"Omdat de Commissie-Davids niet alle vragen heeft kunnen beantwoorden, blijft een parlementaire enquête naar de inval in Irak nodig.","202",NA
"We zien af van de aanschaf van JSF-gevechtsvliegtuigen.","105",NA
"Er komt een ‘afzwaaitraject’ voor het verlaten van de militaire dienst.","105",NA
"Iedere militair die op uitzending is geweest wordt als veteraan beschouwd.","706",NA
"Veteranenzorg gaan we wettelijk regelen, zodat een goede nazorg voor de lange duur wordt gegarandeerd.","706",NA
"De leeftijd voor uitzending van militairen verhogen we van 18 jaar naar 21 jaar, zoals voorgesteld door de Verenigde Naties.","706",NA
"Nederlandse militairen kunnen alleen onder strikte voorwaarden en in het kader van de Verenigde Naties worden ingezet voor vredesoperaties.","105",NA
"Bij militaire missies moet respect voor internationaal recht zijn gegarandeerd, waaronder de Conventies van Genève en de mensenrechten.","201",NA
"Dat geldt ook voor mogelijke samenwerking met militairen uit andere landen.","201",NA
"Nederland neemt het initiatief voor vermindering van de wapenhandel en de naleving van de regels voor wapenexport.","105",NA
"Aan landen die mensenrechten schenden of in een spanningsgebied liggen worden in geen geval meer wapens geleverd.","105",NA
"Wapenbeurzen houden we voortaan buiten de deur.","105",NA
"Pensioenfondsen gaan ons pensioengeld niet meer beleggen in de wapenindustrie.","105",NA
"Nederland blijft het voortouw nemen in een internationaal verbod op investeringen in deze wapensystemen.","105",NA
"Mede door de inzet van de SP is er een internationaal verbod gekomen op clustermunitie.","105",NA
"Brussel moet goedkoper.","110",NA
"Bij de onderhandelingen over de bijdrage van Nederland aan de Europese Unie zetten we in op verlaging van deze bijdrage.","110",NA
"Het onnodig rondpompen van Europese subsidies moet stoppen.","110",NA
"De wildgroei aan agentschappen moet beperkt","110",NA
"en de bureaucratie moet aan banden.","110",NA
"Nederland spreekt haar veto uit over de volgende lange termijn begroting van de Europese Unie wanneer lidstaten daarbij niet worden verplicht hun Europese subsidies te verantwoorden.","110",NA
"Brusselse bemoeienis met ons onderwijs, onze gezondheidszorg, volkshuisvesting, sociale zekerheid en openbaar vervoer willen we niet.","110",NA
"In Europa is concurrentie ontstaan die heeft geleid tot steeds lagere belastingen op winst van bedrijven.","108",NA
"Betere samenwerking moet er toe leiden dat grote bedrijven landen niet tegen elkaar uitspelen en fatsoenlijk belastingen gaan betalen.","108",NA
"Arme landen moeten geholpen worden een fatsoenlijk belastingstelsel te ontwikkelen.","107",NA
"Multinationals moeten voortaan ook in die landen voldoende belasting betalen.","107",NA
"Nederland mag niet meewerken aan een gevechtsgroep van de Europese Unie.","105",NA
"De sociale rechten die in het Europese Verdrag zijn opgenomen werken we uit, met gelijk loon voor gelijk werk voor alle bedrijven.","108",NA
"De concurrentieregels van de interne markt worden ondergeschikt gemaakt aan vakbondsrechten en cao-afspraken.","403",NA
"Europese aanbestedingsregels worden herzien.","403",NA
"Door de lasten voor lagere overheden te verminderen en kleinere bedrijven een eerlijke kans te geven.","403",NA
"Terrorisme moet effectief worden bestreden, door betere internationale samenwerking van inlichtingendiensten en het opsporen en bevriezen van financieringsbronnen van terroristische organisaties.","605",NA
"En door het aanpakken van de structurele oorzaken van terrorisme.","605",NA
"Aan nog meer Europese richtlijnen die onze privacy inperken hebben we geen behoefte.","110",NA
"Nucleaire ontwapening in Europa krijgt prioriteit.","105",NA
"Amerikaanse kernwapens op Nederlandse bodem sturen we retour.","105",NA
"Nederland neemt het initiatief tot een internationale stop op het gebruik van wapens met verarmd uranium.","105",NA
"We verzetten ons tegen de sluipende ontwikkeling van de regionaal gerichte ‘oude’ NAVO naar een ‘nieuwe’ NAVO, die wereldwijd opereert als offensieve en agressieve interventiemacht, onder leiding van de Verenigde Staten.","105",NA
"Het nieuwe strategische concept van de NAVO moet worden voorgelegd aan het parlement, zodat de volksvertegenwoordiging een uitspraak kan doen over welke internationale veiligheidsstructuur in de toekomst het beste de vrede, veiligheid en rechtvaardigheid kan waarborgen.","202",NA
"En welk aandeel Nederland daarin moet hebben.","202",NA
"De NAVO moet in ieder geval de nucleaire doctrine laten vallen.","105",NA
"De Raad van Europa, de OVSE en de Verenigde Naties horen een belangrijker taak te krijgen in het voorkomen en vreedzaam oplossen van conflicten.","106",NA
"Het respecteren van de internationale mensenrechtenverdragen dient door ons land nadrukkelijk te worden bevorderd.","201",NA
"Nederland investeert in crisispreventie, vredesopbouw en bescherming van mensenrechten.","107",NA
"Daartoe verleent ons land steun aan lokale en internationale niet-gouvernementele organisaties die zich richten op waarneming, bescherming van mensenrechten en stille diplomatie.","107",NA
"Het totale budget voor ontwikkelingssamenwerking handhaven we op 0,8 procent bnp, zeker nu de crisis de arme landen zo hard treft.","107",NA
"Die hulp moet wel een stuk effectiever en transparanter.","303",NA
"Hulp moet ten goede komen aan de allerarmsten in de wereld.","503",NA
"Verspilling van hulp bestrijden we krachtig.","605",NA
"Minimaal 85 procent van de ontwikkelingshulp moet worden besteed in de ontwikkelingslanden zelf.","503",NA
"Directe steun voor de overheidsbegroting is riskant.","107",NA
"Oneigenlijke uitgaven uit het hulpbudget, zoals het kwijtschelden van schulden die nooit meer worden afbetaald, dient te worden beëindigd.","107",NA
"Belangrijker nog dan ontwikkelingssamenwerking is dat ontwikkelingslanden eerlijke kansen krijgen op de wereldmarkt.","107",NA
"De wereldhandelsorganisatie WTO moet zich minder richten op vrijhandel en veel meer op eerlijke handel.","107",NA
"Nederland en de EU dienen - ook als de WTO-onderhandelingen blijven vastzitten - de exportsubsidies in het Europees landbouwbeleid uiterlijk in 2013 af te schaffen.","407",NA
"Verdere beperking van de landbouwsubsidies is wenselijk, om te beginnen die subsidies die dierenleed, overbevissing en oneerlijke concurrentie met ontwikkelingslanden bevorderen.","107",NA
"Ontwikkelingslanden moeten meer vrijheid krijgen bij het maken van economische keuzes en niet worden gedwongen tot privatisering en liberalisering van publieke diensten.","107",NA
"In handelsverdragen van de WTO en de Europese Unie krijgen ontwikkelingslanden de ruimte om delen van hun markt te beschermen.","107",NA
"Israël heeft recht op erkende en veilige grenzen, de Palestijnse bevolking heeft ook recht op een eigen staat, eveneens met erkende en veilige grenzen.","107",NA
"Wanneer de Palestijnse Autoriteit de Verenigde Naties om erkenning van een onafhankelijke Palestijnse staat vraagt, hoort Nederland dat verzoek te steunen.","107",NA
"Nederland houdt vast aan uitvoering van eerdere resoluties van de Veiligheidsraad en van het internationaal recht.","107",NA
"Daarnaast maakt Nederland zich sterk voor een internationale dialoog met alle vertegenwoordigers van de Palestijnen.","107",NA
"Indien Israël doorgaat met het illegaal bouwen van woningen in bezet gebied moet Nederland in de EU aandringen op het opschorten van de associatieovereenkomst die Israël belastingvoordeel geeft bij export naar de landen van de EU.","107",NA
"Nederland is eind 2008 in de diepste recessie beland sinds de Tweede Wereldoorlog.","414",NA
"In 2009 kromp de economie met maar liefst vier procent.","414",NA
"Vanaf dit jaar lijkt de economie weer heel voorzichtig uit een diep dal op te klimmen.","410",NA
"Dit herstel is echter nog uitermate kwetsbaar.","410",NA
"Als gevolg van de diepe recessie zijn de belastinginkomsten van de overheid dramatisch teruggelopen.","414",NA
"De overheidsuitgaven zijn fors gestegen, bijvoorbeeld omdat het aantal werkloosheidsuitkeringen is toegenomen.","414",NA
"Het overschot op de overheidsbegroting van 0,7 procent bbp in 2008 is omgeslagen in een fors tekort van naar verwachting 6,3 procent bbp in 2010.","414",NA
"Bij ongewijzigd beleid verbetert dit tot zo’n 2,9 procent bbp in 2015.","414",NA
"Op de langere termijn dreigen echter ook hogere kosten als gevolg van vergrijzing en duurdere zorg.","414",NA
"Het is niet reëel en ook niet verstandig om dit gat in één kabinetsperiode van vier jaar volledig te willen dichten.","305",NA
"Als we in één keer zoveel bezuinigen, is de kans op een ‘double dip’ – een nieuwe recessie – groot.","305",NA
"Gezien de omvang van het tekort ligt een geleidelijke beperking van het tekort in de komende 10 tot 15 jaar meer voor de hand.","414",NA
"We willen de economie niet kapotbezuinigen of het herstel in de knop breken.","410",NA
"Als het economisch herstel stokt of niet doorzet, zullen we niet aarzelen om onze plannen te temporiseren.","410",NA
"We willen de crisis ook niet afschuiven op de gemeenten, omdat bezuinigingen daar direct van invloed zijn op de burgers.","302",NA
"Een gedetailleerde financiële onderbouwing vindt u als aparte bijlage bij dit verkiezingsprogramma.","0",NA
"Het begrotingsbeleid moet rekening houden met de kracht van het economische herstel.","410",NA
"Indien dat herstel niet of onvoldoende doorzet moeten al te grote bezuinigingen worden uitgesteld, om te voorkomen dat het herstel in de knop wordt gebroken.","410",NA
"Hierbij moet worden gekeken naar zowel de hoogte als de samenstelling van de groei.","410",NA
"Bij voldoende herstel moet door middel van bezuinigingen en lastenverzwaring het begrotingstekort aan het einde van de komende kabinetsperiode tot onder de 2 procent worden teruggebracht.","414",NA
"Forse bezuinigingen zijn mogelijk op de defensie-uitgaven en de uitgaven voor externen door de rijksoverheid en de lagere overheden.","414",NA
"Op de bureaucratie in de zorg, het onderwijs en bij de overheid","303",NA
"en door een betere inzet van ICT-middelen.","303",NA
"Daar staat tegenover dat de komende jaren ook miljarden nodig zijn voor verbetering van de publieke sector en bestrijding van de armoede.","504",NA
"De AOW-leeftijd blijft 65 jaar.","504",NA
"Dit wordt gefinancierd door een geleidelijke beperking van de hypotheekrenteaftrek.","414",NA
"De opbrengst daarvan slaat pas ver na de komende kabinetsperiode neer.","414",NA
"Maar het omgekeerde geldt ook voor de hogere kosten bij handhaving van de AOW-leeftijd op 65 jaar.","504",NA
"Naast bezuinigingen kan de overheid miljarden euro’s meer inkomsten verkrijgen, door meer belasting op hogere inkomens, vermogens en winsten.","414",NA
"Er komen een vermogens- en een vermogenswinstbelasting.","414",NA
"Ook milieuheffingen kunnen worden verhoogd.","414",NA
"Het hoogste tarief in de inkomstenbelasting wordt verhoogd van 52 naar 55 procent.","414",NA
"Er komt een nieuw toptarief van 65 procent vanaf een belastbaar inkomen van 150. 000 euro.","414",NA
"Aftrekposten worden over de hele linie beperkt, waardoor de overheid meer inkomsten binnenkrijgt.","414",NA
"De belastingtarieven zelf hoeven daardoor maar beperkt te worden verhoogd.","414",NA
"De progressiviteit van ons belastingstelsel neemt hierdoor fors toe.","503",NA
"De belasting op winsten boven 200. 000 euro wordt verhoogd van 25,5 procent naar 30 procent.","414",NA
"Die van 20 procent blijft ongemoeid.","414",NA
"Tegelijkertijd wordt de renteaftrek beperkt tot 30 procent van het brutobedrijfsresultaat, om opkoopfondsen te ontmoedigen.","414",NA
"Deze beperking geldt niet voor kleine bedrijven.","414",NA
"Er komt een strafheffing voor Nederlandse bedrijven die zich vestigen in belastingparadijzen.","414",NA
"Zij moeten voortaan in hun jaarverslag vermelden hoeveel belasting zij in Nederland betalen.","414",NA
"Nederland stopt met het kritiekloos sluiten van belastingverdragen met belastingparadijzen.","107",NA
"Nederland kan het initiatief nemen tot een onafhankelijk internationaal expertisecentrum voor de aanpak van belastingconcurrentie.","107",NA
"De hypotheekrenteaftrek wordt gegarandeerd tot een hypotheeksom van maximaal  350. 000 euro, tegen 42 procent aftrek.","414",NA
"Deze beperking gaat geleidelijk – over een periode van 10 jaar – in.","414",NA
"De aftrek van pensioenpremies wordt gemaximeerd op anderhalf keer modaal.","414",NA
"Het aflossen van hypotheekschuld wordt aangemoedigd.","408",NA
"De nominale premie voor de zorgverzekering wordt fors verlaagd.","504",NA
"We voeren een inkomensafhankelijke ziektekostenpremie in.","303",NA
"Inkomens tot omstreeks het sociale minimum worden hierbij vrijgesteld.","403",NA
"De zorgtoeslag wordt dan overbodig.","303",NA
"Het eigen risico wordt afgeschaft.","504",NA
"Om werken lonend te maken voor mensen met een minimumloon of net daarboven, wordt voor deze groepen mensen een inkomensafhankelijke belastingkorting ingevoerd.","503",NA
"In dit verkiezingsprogramma geven we de hoofdlijnen van het door ons voorgestelde beleid.","0",NA
"De onderbouwing ervan is te vinden in een groot aantal rapporten die we de afgelopen tijd gemaakt hebben.","0",NA
"Alle rapporten kunt u raadplegen op onze website: www.sp.nl.","0",NA
